id,x1,y1,x2,y2,image,imagewithbox,name

317,286.006251335144,128.006240844727,580.999995231628,366.993728637695,317.png,317_box.png,Rathbunaster californicus

366,361.006251335144,123.006256103516,508.999995231628,250,366.png,366_box.png,Rathbunaster californicus

385,837.006251335144,392.006240844727,1054.99373912811,569.999984741211,385.png,385_box.png,Rathbunaster californicus

348,0,169.006240844727,131.999984741211,389.993743896484,348.png,348_box.png,Rathbunaster californicus

390,343.006251335144,29.0062408447266,571.999995231628,158.999984741211,390.png,390_box.png,Rathbunaster californicus

411,1198.00625133514,272.006240844727,1279,377.999984741211,411.png,411_box.png,Strongylocentrotus cf. fragilis

414,215.006236076355,96.0062561035156,330.993731498718,199.993751525879,414.png,414_box.png,Strongylocentrotus cf. fragilis

416,1159.00625133514,19.0062561035156,1279,122.993751525879,416.png,416_box.png,Strongylocentrotus cf. fragilis

397,1056.00612926483,183.006240844727,1279,405.999984741211,397.png,397_box.png,Rathbunaster californicus

445,694.006251335144,61.0062561035156,808.00624370575,160.006248474121,445.png,445_box.png,Strongylocentrotus cf. fragilis

451,429.006251335144,0,562.993739128113,117.993743896484,451.png,451_box.png,Strongylocentrotus cf. fragilis

469,82.006251335144,2.00625610351562,199.00624370575,110.006248474121,469.png,469_box.png,Strongylocentrotus cf. fragilis

515,1012.00625133514,324.006240844727,1279,664.993759155273,1537835589399,1537835589399_box,Rathbunaster californicus

517,631.006251335144,147.006256103516,808.999995231628,304.993743896484,1537835622221,1537835622221_box,Rathbunaster californicus

519,619.006251335144,72.0062561035156,881.993739128113,277.993743896484,1537835661367,1537835661367_box,Rathbunaster californicus

521,216.006251335144,140.006240844727,505.993739128113,363.993728637695,1537835854704,1537835854704_box,Rathbunaster californicus

523,136.006251335144,21.0062561035156,425.993739128113,244.993743896484,1537835875009,1537835875009_box,Rathbunaster californicus

67,386.006220817566,187.006240844727,491.99996471405,269.993751525879,67.png,67_box.png,Actiniaria

73,922.006190299988,123.006256103516,1024.99993419647,202.993751525879,73.png,73_box.png,Actiniaria

70,853.006251335144,111.006256103516,955.999995231628,190.993751525879,70.png,70_box.png,Actiniaria

26,310,511.000030517578,399,575.000030517578,26.png,26_box.png,Rathbunaster californicus

74,922.006190299988,65.0062561035156,1024.99993419647,144.993751525879,74.png,74_box.png,Actiniaria

76,227.006251335144,34.0062561035156,579.993739128113,290.993743896484,76.png,76_box.png,Chionoecetes tanneri

75,1060.00625133514,71.0062561035156,1241.00005626678,222,75.png,75_box.png,Actiniaria

78,940.006190299988,228.006240844727,1120.0061750412,423.999984741211,78.png,78_box.png,Funiculina-Halipteris complex

77,615.006251335144,230.006240844727,1182.00619029999,453.993728637695,77.png,77_box.png,Microstomus pacificus

72,907.006190299988,52.0062561035156,1009.99993419647,131.993751525879,72.png,72_box.png,Actiniaria

71,431.006251335144,370.006240844727,533.999995231628,449.99373626709,71.png,71_box.png,Rathbunaster californicus

79,192.006251335144,267.006240844727,331.993739128113,390.999984741211,79.png,79_box.png,Actiniaria

69,787.006251335144,105.006256103516,889.999995231628,184.993751525879,69.png,69_box.png,Actiniaria

68,370.006251335144,174.006240844727,523.006236076355,354.006225585938,68.png,68_box.png,Chionoecetes tanneri

326,966.006251335144,20.0062484741211,1279,276.99373626709,326.png,326_box.png,Rathbunaster californicus

374,577.006251335144,26.0062561035156,787.006236076355,195,374.png,374_box.png,Rathbunaster californicus

116,1111.00625133514,74.0062561035156,1213.00631999969,150.993751525879,116.png,116_box.png,Actiniaria

115,0,100.006256103516,205.987487792969,269.993759155273,115.png,115_box.png,Actiniaria

118,668.006190299988,162.006240844727,902.006175041199,327.006225585938,118.png,118_box.png,Actiniaria

121,15.0062475204468,211.006271362305,184.993735313416,320.000015258789,121.png,121_box.png,Actiniaria

119,0.00624752044677734,74.0062561035156,123.006239891052,611.006195068359,119.png,119_box.png,Funiculina-Halipteris complex

124,622.006251335144,518.006210327148,724.00624370575,626.999954223633,124.png,124_box.png,Umbellula lindahli

127,310.006251335144,116.006240844727,388.00624370575,164.999988555908,127.png,127_box.png,Gnathostomata

123,651.006251335144,477.006210327148,753.00624370575,585.999992370605,123.png,123_box.png,Actiniaria

129,458.006251335144,181.006240844727,552.993746757507,308,129.png,129_box.png,Gnathostomata

82,1180.00625133514,272.006240844727,1279,402.993728637695,82.png,82_box.png,Actiniaria

80,0,142.006256103516,214.987487792969,361.006256103516,80.png,80_box.png,Umbellula lindahli

83,558.0063123703,227.006240844727,646.993769645691,314.006233215332,83.png,83_box.png,Actiniaria

86,0,111.006256103516,218.999984741211,384.006225585938,86.png,86_box.png,thornyhead rockfish

85,468.006220817566,103.006256103516,609.006251335144,197,85.png,85_box.png,thornyhead rockfish

90,615.006251335144,54.0062561035156,702.999995231628,145.993751525879,90.png,90_box.png,Actiniaria

89,534.006251335144,77.0062408447266,621.999995231628,168.99373626709,89.png,89_box.png,Actiniaria

92,592.006251335144,283.006271362305,755.993739128113,359.993766784668,92.png,92_box.png,Gnathostomata

93,30.006251335144,124.006256103516,102.999995231628,277.006271362305,93.png,93_box.png,Gnathostomata

95,712.006251335144,459.006210327148,806.993746757507,537.999992370605,95.png,95_box.png,Actiniaria

87,457.006281852722,148.006256103516,575.000025749207,217.006271362305,87.png,87_box.png,Actiniaria

94,630.006251335144,144.006256103516,723.999995231628,342.006240844727,94.png,94_box.png,Gnathostomata

91,238.006281852722,134.006240844727,416.993754386902,249.99373626709,91.png,91_box.png,Actiniaria

103,241.006251335144,112.006256103516,395.000010490417,265.006271362305,103.png,103_box.png,Actiniaria

98,967.006190299988,174.006240844727,1082.99368572235,294.999984741211,98.png,98_box.png,thornyhead rockfish

101,580.006251335144,430.006271362305,679.999995231628,496.00626373291,101.png,101_box.png,Gnathostomata

100,589.006251335144,518.006210327148,715.999995231628,579.993705749512,100.png,100_box.png,thornyhead rockfish

104,414.006251335144,213.006240844727,492.00624370575,259.99373626709,104.png,104_box.png,Rathbunaster californicus

102,374.006220817566,20.0062484741211,674.006190299988,272.006233215332,102.png,102_box.png,Chionoecetes tanneri

97,895.006251335144,101.006240844727,1214.99380016327,335.999969482422,97.png,97_box.png,Umbellula lindahli

105,18.006251335144,146.006240844727,139.993731498718,245.006233215332,105.png,105_box.png,Chionoecetes tanneri

106,59.006251335144,581.006210327148,180.993746757507,680.006202697754,106.png,106_box.png,Actiniaria

112,1083.00625133514,264.006240844727,1165.99374675751,354.006233215332,112.png,112_box.png,Actiniaria

107,1127.00625133514,35.0062561035156,1248.99367046356,134.006248474121,107.png,107_box.png,Actiniaria

111,458.006251335144,155.006271362305,540.993746757507,245.006248474121,111.png,111_box.png,Actiniaria

108,714.006251335144,191.006271362305,835.993746757507,290.006248474121,108.png,108_box.png,Actiniaria

113,989.006251335144,216.006240844727,1115.00624370575,337.99373626709,113.png,113_box.png,Actiniaria

126,455.006251335144,311.006240844727,563.00624370575,501.993728637695,126.png,126_box.png,Gnathostomata

120,803.006190299988,326.006240844727,927.993685722351,438.99373626709,120.png,120_box.png,Actiniaria

133,742.006251335144,302.006240844727,968.993739128113,387.99373626709,133.png,133_box.png,Pleuronectiformes

136,522.006251335144,179.006271362305,600.006281852722,333.993743896484,136.png,136_box.png,Gnathostomata

131,75.006251335144,200.006271362305,252.999995231628,279.993751525879,131.png,131_box.png,Pleuronectiformes

134,1001.00625133514,227.006240844727,1124.00624370575,438.993728637695,134.png,134_box.png,Pleuronectiformes

141,770.006190299988,85.0062561035156,881.006182670593,203.993751525879,141.png,141_box.png,Octopoda

135,1241.00612926483,91.0062561035156,1279,218.000015258789,135.png,135_box.png,Gnathostomata

128,511.006251335144,386.006271362305,604.999995231628,465.993766784668,128.png,128_box.png,Octopoda

140,238.006236076355,150.006256103516,517.999979972839,268,140.png,140_box.png,Pleuronectiformes

145,664.006251335144,92.0062408447266,982.006220817566,356.999984741211,145.png,145_box.png,Rathbunaster californicus

142,63.006251335144,496.006271362305,174.006251335144,614.993766784668,142.png,142_box.png,Pleuronectiformes

139,172.006251335144,124.006256103516,296.000010490417,244.00626373291,139.png,139_box.png,Octopoda

146,894.006251335144,166.006240844727,987.00624370575,278,146.png,146_box.png,Octopoda

144,174.006251335144,204.006240844727,285.00624370575,322.99373626709,144.png,144_box.png,Octopoda

147,1155.00625133514,0,1279,111.993743896484,147.png,147_box.png,Pleuronectiformes

138,91.006251335144,114.006256103516,290.993739128113,186.006248474121,138.png,138_box.png,Pleuronectiformes

153,1065.00625133514,246.006240844727,1279,489.999969482422,153.png,153_box.png,Rathbunaster californicus

151,569.006251335144,40.0062561035156,869.999934196472,266.993759155273,151.png,151_box.png,Rathbunaster californicus

157,633.006251335144,106.006256103516,808.993739128113,254.993759155273,157.png,157_box.png,Pleuronectiformes

155,1082.00625133514,205.006271362305,1188.99374675751,298.00626373291,155.png,155_box.png,Octopoda

152,571.006251335144,32.0062561035156,757.006236076355,260.006240844727,152.png,152_box.png,sea cucumber

149,59.006251335144,161.006271362305,341.006220817566,273.993743896484,149.png,149_box.png,Pleuronectiformes

191,262.006251335144,62.0062561035156,416.000010490417,204,191.png,191_box.png,Strongylocentrotus cf. fragilis

159,399.006251335144,150.006256103516,720.006281852722,418.993743896484,159.png,159_box.png,Rathbunaster californicus

158,162.006251335144,115.006256103516,483.006220817566,383.993743896484,158.png,158_box.png,Rathbunaster californicus

160,732.006251335144,169.006240844727,1053.00622081757,437.993728637695,160.png,160_box.png,sea cucumber

161,378.006251335144,93.0062561035156,700.000025749207,223,161.png,161_box.png,Pleuronectiformes

163,722.006190299988,187.006240844727,963.993678092957,373.006240844727,163.png,163_box.png,Rathbunaster californicus

162,741.006251335144,133.006256103516,982.993739128113,319.006256103516,162.png,162_box.png,Rathbunaster californicus

167,1184.00625133514,23.0062484741211,1279,83.0062446594238,167.png,167_box.png,Gnathostomata

174,340.006251335144,83.0062408447266,760.006220817566,410.999984741211,174.png,174_box.png,Rathbunaster californicus

166,744.006251335144,10.0062561035156,1090.99373912811,271.006256103516,166.png,166_box.png,Rathbunaster californicus

165,916.006190299988,156.006240844727,1157.99367809296,342.006225585938,165.png,165_box.png,Rathbunaster californicus

164,112.006251335144,22.0062561035156,353.993754386902,208.006256103516,164.png,164_box.png,Rathbunaster californicus

173,861.006251335144,182.006271362305,1279,510.000015258789,173.png,173_box.png,Rathbunaster californicus

177,204.006251335144,176.006240844727,453.006236076355,312.993728637695,177.png,177_box.png,Pleuronectiformes

175,0,38.0062408447266,191.999984741211,317.999984741211,175.png,175_box.png,Rathbunaster californicus

176,670.006251335144,117.006240844727,1015.00622081757,426.999984741211,176.png,176_box.png,Rathbunaster californicus

178,972.006251335144,36.0062408447266,1221.99997997284,271.993728637695,178.png,178_box.png,Rathbunaster californicus

184,0,46.0062561035156,144.993743896484,167.993751525879,184.png,184_box.png,Strongylocentrotus cf. fragilis

181,0,356.006271362305,391.987487792969,692.006210327148,181.png,181_box.png,Rathbunaster californicus

183,223.006236076355,484.006271362305,380.993739128113,616.006256103516,183.png,183_box.png,Octopoda

185,894.006251335144,56.0062561035156,1038.99999523163,177.993751525879,185.png,185_box.png,Strongylocentrotus cf. fragilis

179,990.006251335144,526.006271362305,1279,719,179.png,179_box.png,Rathbunaster californicus

180,706.006251335144,174.006240844727,850.999995231628,268.99373626709,180.png,180_box.png,Octopoda

186,631.006251335144,72.0062561035156,775.999995231628,193.993751525879,186.png,186_box.png,Strongylocentrotus cf. fragilis

187,491.006251335144,96.0062561035156,635.999949455261,217.993751525879,187.png,187_box.png,Octopoda

200,412.006251335144,83.0062408447266,502.999995231628,167.999984741211,200.png,200_box.png,Strongylocentrotus cf. fragilis

190,0,0.006256103515625,315.993743896484,315.006225585938,190.png,190_box.png,Rathbunaster californicus

192,1179.00625133514,200.006271362305,1279,305.006248474121,192.png,192_box.png,Strongylocentrotus cf. fragilis

194,1075.00625133514,226.006271362305,1175.99374675751,331.00626373291,194.png,194_box.png,Strongylocentrotus cf. fragilis

188,0,52.0062561035156,144.993743896484,125,188.png,188_box.png,Strongylocentrotus cf. fragilis

189,0,117.006256103516,144.993743896484,190,189.png,189_box.png,Strongylocentrotus cf. fragilis

198,1106.00625133514,485.006271362305,1196.99999523163,569.999977111816,198.png,198_box.png,Strongylocentrotus cf. fragilis

201,0,89.0062408447266,150.993743896484,300.993728637695,201.png,201_box.png,Rathbunaster californicus

196,1032.00625133514,349.006271362305,1132.99374675751,454.00626373291,196.png,196_box.png,Strongylocentrotus cf. fragilis

205,918.006251335144,179.006271362305,1077.99999523163,324,205.png,205_box.png,Strongylocentrotus cf. fragilis

204,793.006251335144,475.006271362305,952.999995231628,620.000015258789,204.png,204_box.png,Strongylocentrotus cf. fragilis

203,161.006236076355,315.006240844727,299.999979972839,438.999984741211,203.png,203_box.png,Strongylocentrotus cf. fragilis

208,715.006251335144,298.006271362305,847.006236076355,398.993766784668,208.png,208_box.png,Strongylocentrotus cf. fragilis

209,518.006251335144,358.006240844727,650.006205558777,458.99373626709,209.png,209_box.png,Strongylocentrotus cf. fragilis

210,745.006251335144,146.006240844727,877.006236076355,246.99373626709,210.png,210_box.png,Strongylocentrotus cf. fragilis

211,0,250.006271362305,131.999984741211,350.993766784668,211.png,211_box.png,Strongylocentrotus cf. fragilis

212,287.006251335144,319.006271362305,419.006220817566,419.993766784668,212.png,212_box.png,Strongylocentrotus cf. fragilis

213,243.006251335144,226.006271362305,375.006236076355,326.993766784668,213.png,213_box.png,Strongylocentrotus cf. fragilis

214,2.00624942779541,194.006271362305,134.006234169006,294.993743896484,214.png,214_box.png,Strongylocentrotus cf. fragilis

215,141.006251335144,51.0062561035156,273.006236076355,151.993751525879,215.png,215_box.png,Strongylocentrotus cf. fragilis

216,215.006236076355,160.006240844727,347.006220817566,260.993751525879,216.png,216_box.png,Strongylocentrotus cf. fragilis

206,952.006190299988,115.006256103516,1084.0061750412,215.993766784668,206.png,206_box.png,Strongylocentrotus cf. fragilis

207,1015.00625133514,185.006271362305,1147.00623607635,285.993743896484,207.png,207_box.png,Strongylocentrotus cf. fragilis

217,293.006220817566,70.0062561035156,393.993716239929,172.006248474121,217.png,217_box.png,Strongylocentrotus cf. fragilis

218,376.006251335144,175.006240844727,463.999995231628,244.006256103516,218.png,218_box.png,Strongylocentrotus cf. fragilis

219,451.006251335144,260.006240844727,538.999995231628,329.006233215332,219.png,219_box.png,Strongylocentrotus cf. fragilis

220,445.006251335144,218.006240844727,532.999995231628,287.006233215332,220.png,220_box.png,Strongylocentrotus cf. fragilis

221,523.006251335144,249.006240844727,610.999995231628,318.006233215332,221.png,221_box.png,Strongylocentrotus cf. fragilis

222,473.006251335144,139.006256103516,545.00624370575,229.006271362305,222.png,222_box.png,Strongylocentrotus cf. fragilis

224,767.006190299988,96.0062561035156,878.999934196472,186.006248474121,224.png,224_box.png,Strongylocentrotus cf. fragilis

225,306.006251335144,275.006240844727,420.00624370575,359.999984741211,225.png,225_box.png,Strongylocentrotus cf. fragilis

226,423.006251335144,266.006240844727,537.00624370575,350.999984741211,226.png,226_box.png,Strongylocentrotus cf. fragilis

232,227.006251335144,252.006240844727,368.999979972839,384.006225585938,232.png,232_box.png,Strongylocentrotus cf. fragilis

231,1041.00625133514,194.006271362305,1182.99999523163,326.006240844727,231.png,231_box.png,Strongylocentrotus cf. fragilis

228,901.006251335144,44.0062561035156,1015.00624370575,135,228.png,228_box.png,Strongylocentrotus cf. fragilis

229,749.006190299988,6.00625610351562,863.006182670593,97.0000076293945,229.png,229_box.png,Strongylocentrotus cf. fragilis

230,1117.00625133514,353.006271362305,1231.00631999969,444.000015258789,230.png,230_box.png,Octopoda

341,369.006251335144,61.0062561035156,507.999995231628,182,341.png,341_box.png,Rathbunaster californicus

262,711.006251335144,374.006271362305,885.999995231628,503.006256103516,262.png,262_box.png,Asteroidea

234,377.006220817566,423.006210327148,539.006205558777,568.993743896484,234.png,234_box.png,Strongylocentrotus cf. fragilis

236,806.006251335144,371.006271362305,968.006236076355,516.993728637695,236.png,236_box.png,Strongylocentrotus cf. fragilis

240,439.006251335144,175.006240844727,563.993746757507,287.993751525879,240.png,240_box.png,Strongylocentrotus cf. fragilis

243,241.006251335144,97.0062561035156,365.993762016296,209.993766784668,243.png,243_box.png,Strongylocentrotus cf. fragilis

238,917.006251335144,133.006256103516,1041.99374675751,245.993766784668,238.png,238_box.png,Strongylocentrotus cf. fragilis

237,871.006251335144,228.006240844727,995.993746757507,340.99373626709,237.png,237_box.png,Strongylocentrotus cf. fragilis

241,355.006251335144,135.006256103516,479.993746757507,247.993751525879,241.png,241_box.png,Strongylocentrotus cf. fragilis

242,259.006251335144,175.006240844727,383.993762016296,287.993751525879,242.png,242_box.png,Strongylocentrotus cf. fragilis

249,588.006251335144,69.0062561035156,712.993777275085,181.993751525879,249.png,249_box.png,Strongylocentrotus cf. fragilis

246,500.006251335144,141.006256103516,624.993708610535,253.993751525879,246.png,246_box.png,Strongylocentrotus cf. fragilis

244,32.0062475204468,155.006271362305,156.99374294281,267.993743896484,244.png,244_box.png,Strongylocentrotus cf. fragilis

247,638.006190299988,114.006256103516,762.993685722351,226.993751525879,247.png,247_box.png,Strongylocentrotus cf. fragilis

252,99.006251335144,22.0062561035156,223.993754386902,134.993751525879,252.png,252_box.png,Strongylocentrotus cf. fragilis

253,723.006251335144,370.006240844727,847.993746757507,482.99373626709,253.png,253_box.png,Octopoda

251,416.006251335144,129.006256103516,540.993746757507,241.993751525879,251.png,251_box.png,Strongylocentrotus cf. fragilis

255,938.006251335144,512.006210327148,1062.99374675751,624.993705749512,255.png,255_box.png,Octopoda

254,913.006190299988,453.006210327148,1037.99368572235,565.993743896484,254.png,254_box.png,Octopoda

261,484.006251335144,455.006271362305,544.006247520447,515.006229400635,261.png,261_box.png,Metridium

256,681.006251335144,454.006271362305,783.999995231628,521.993766784668,256.png,256_box.png,Asteroidea

257,725.006190299988,199.006240844727,827.999934196472,266.993751525879,257.png,257_box.png,Octopoda

259,492.006220817566,301.006271362305,604.000002861023,413.993766784668,259.png,259_box.png,Crinoidea

277,512.006251335144,43.0062561035156,576.993746757507,130.006248474121,277.png,277_box.png,Crinoidea

260,632.006190299988,134.006240844727,692.006186485291,194.006237030029,260.png,260_box.png,Metridium

258,722.006190299988,137.006240844727,924.993678092957,288.993728637695,258.png,258_box.png,Crinoidea

270,1030.00625133514,524.006210327148,1139.99374675751,614.999954223633,270.png,270_box.png,Pleuronectiformes

272,244.006251335144,158.006271362305,365.993762016296,249,272.png,272_box.png,Sebastidae

271,257.006251335144,169.006240844727,366.993723869324,260,271.png,271_box.png,Gnathostomata

273,154.006251335144,62.0062561035156,275.993746757507,153,273.png,273_box.png,Sebastidae

264,115.006251335144,481.006271362305,224.993746757507,569.993766784668,264.png,264_box.png,Asteroidea

265,974.006251335144,352.006271362305,1083.99374675751,440.993766784668,265.png,265_box.png,Octopoda

267,240.006251335144,186.006240844727,349.993746757507,274.99373626709,267.png,267_box.png,Gnathostomata

269,983.006251335144,421.006271362305,1092.99374675751,509.993766784668,269.png,269_box.png,Gnathostomata

276,536.006251335144,0,657.993708610535,123.993743896484,276.png,276_box.png,Crinoidea

300,1119.00625133514,402.006240844727,1279,598.000015258789,300.png,300_box.png,Rathbunaster californicus

275,413.006251335144,147.006256103516,534.993746757507,271,275.png,275_box.png,Crinoidea

274,796.006251335144,187.006240844727,917.993746757507,311,274.png,274_box.png,sea cucumber

279,333.006251335144,130.006256103516,423.00624370575,176.993751525879,279.png,279_box.png,sea cucumber

278,504.006251335144,57.0062561035156,594.00624370575,103.993751525879,278.png,278_box.png,sea cucumber

282,636.006251335144,184.006240844727,816.006236076355,338.993743896484,282.png,282_box.png,Octopoda

283,845.006251335144,75.0062561035156,1193.00622081757,255.006240844727,283.png,283_box.png,Metacarcinus

280,723.006251335144,279.006240844727,900.006236076355,420.006225585938,280.png,280_box.png,Asteroidea

291,823.006251335144,74.0062561035156,949.999995231628,216,291.png,291_box.png,Octopoda

299,416.006220817566,209.006240844727,716.006190299988,404.006225585938,299.png,299_box.png,sea cucumber

289,1096.00625133514,310.006271362305,1223.00006389618,452.000015258789,289.png,289_box.png,Gnathostomata

290,929.006251335144,114.006256103516,1055.99999523163,256,290.png,290_box.png,Pleuronectiformes

303,0,30.0062561035156,191.999984741211,208,303.png,303_box.png,Rathbunaster californicus

298,500.006251335144,164.006271362305,800.006190299988,359.006240844727,298.png,298_box.png,sea cucumber

293,0,0,222.993743896484,168.993743896484,293.png,293_box.png,Rathbunaster californicus

295,535.006251335144,0,785.993739128113,162.993743896484,295.png,295_box.png,Rathbunaster californicus

294,378.006251335144,135.006256103516,694.000025749207,298,294.png,294_box.png,sea cucumber

287,718.006251335144,150.006256103516,943.006236076355,403.993743896484,287.png,287_box.png,sea cucumber

305,90.0062742233276,38.0062561035156,316.000033378601,216.993743896484,305.png,305_box.png,Rathbunaster californicus

286,486.006220817566,201.006240844727,613.000002861023,306.999984741211,286.png,286_box.png,Synodus

288,831.006251335144,101.006240844727,1102.99373912811,294.993728637695,288.png,288_box.png,Rathbunaster californicus

304,5.00627613067627,59.0062561035156,197.006260871887,237,304.png,304_box.png,Rathbunaster californicus

306,882.006251335144,87.0062561035156,1107.99999523163,265.993743896484,306.png,306_box.png,Rathbunaster californicus

301,431.006220817566,254.006240844727,608.006205558777,398.006225585938,301.png,301_box.png,Rathbunaster californicus

307,0,322.006271362305,225.993743896484,500.993759155273,307.png,307_box.png,Rathbunaster californicus

284,1018.00625133514,429.006210327148,1130.99374675751,513.006240844727,284.png,284_box.png,Octopoda

285,71.0062437057495,178.006240844727,185.999987602234,305,285.png,285_box.png,Pleuronectiformes

302,425.006220817566,43.0062561035156,650.006205558777,220.006271362305,302.png,302_box.png,Rathbunaster californicus

357,155.006266593933,123.006256103516,377.006236076355,292.993743896484,357.png,357_box.png,Rathbunaster californicus

319,831.006251335144,0,1255.99373912811,323.999969482422,319.png,319_box.png,Rathbunaster californicus

318,128.006251335144,96.0062561035156,422.999995231628,334.993743896484,318.png,318_box.png,Rathbunaster californicus

331,240.006251335144,255.006240844727,477.999979972839,424.993728637695,331.png,331_box.png,Rathbunaster californicus

316,1075.00625133514,0,1279,209.999984741211,316.png,316_box.png,Rathbunaster californicus

308,197.006281852722,70.0062561035156,423.000025749207,248.993759155273,308.png,308_box.png,Rathbunaster californicus

309,1042.00625133514,220.006271362305,1267.99999523163,398.993759155273,309.png,309_box.png,Rathbunaster californicus

310,142.006266593933,89.0062408447266,368.000010490417,267.993728637695,310.png,310_box.png,Rathbunaster californicus

313,1085.00625133514,163.006240844727,1279,421.006240844727,313.png,313_box.png,Rathbunaster californicus

311,789.006251335144,150.006256103516,1140.99999523163,408.006225585938,311.png,311_box.png,Rathbunaster californicus

312,789.006251335144,150.006256103516,1140.99999523163,408.006225585938,312.png,312_box.png,Rathbunaster californicus

315,912.006251335144,12.0062561035156,1176.00622081757,208.993743896484,315.png,315_box.png,Rathbunaster californicus

333,619.006251335144,410.006271362305,787.006236076355,554.999969482422,333.png,333_box.png,Rathbunaster californicus

330,277.006251335144,53.0062561035156,515.000010490417,222.993743896484,330.png,330_box.png,Rathbunaster californicus

314,168.006266593933,57.0062561035156,510.006236076355,334.993743896484,314.png,314_box.png,Asteroidea

332,769.006251335144,71.0062561035156,1030.99999523163,312.993743896484,332.png,332_box.png,Rathbunaster californicus

321,157.006251335144,54.0062561035156,473.993739128113,277,321.png,321_box.png,Rathbunaster californicus

335,604.006251335144,121.006256103516,815.993739128113,284.000015258789,335.png,335_box.png,Rathbunaster californicus

325,371.006220817566,88.0062561035156,611.999949455261,289.006256103516,325.png,325_box.png,Rathbunaster californicus

327,231.006281852722,100.006256103516,496.993769645691,308.993759155273,327.png,327_box.png,Rathbunaster californicus

320,497.006251335144,84.0062561035156,722.999949455261,268,320.png,320_box.png,sea cucumber

322,189.006251335144,72.0062561035156,318.999995231628,184,322.png,322_box.png,Octopoda

334,528.006251335144,126.006256103516,781.993769645691,324.006240844727,334.png,334_box.png,Rathbunaster californicus

364,944.006251335144,44.0062561035156,1238.00615978241,242.006240844727,364.png,364_box.png,Rathbunaster californicus

365,944.006251335144,44.0062561035156,1238.00615978241,242.006240844727,365.png,365_box.png,Rathbunaster californicus

343,116.006236076355,11.0062561035156,294.993723869324,132,343.png,343_box.png,Rathbunaster californicus

382,3.00624942779541,225.006240844727,178.993737220764,352.99373626709,382.png,382_box.png,Octopoda

375,957.006251335144,29.0062561035156,1173.99999523163,210,375.png,375_box.png,Rathbunaster californicus

337,1013.00625133514,70.0062561035156,1279,262.006256103516,337.png,337_box.png,Rathbunaster californicus

356,47.006251335144,250.006271362305,269.006236076355,419.993759155273,356.png,356_box.png,Rathbunaster californicus

367,0,57.0062561035156,148.987487792969,229,367.png,367_box.png,Rathbunaster californicus

379,379.006251335144,347.006240844727,509.993739128113,443.999984741211,379.png,379_box.png,Octopoda

359,698.0063123703,201.006240844727,836.006297111511,286.99373626709,359.png,359_box.png,Rathbunaster californicus

373,119.006251335144,24.0062561035156,329.006236076355,193,373.png,373_box.png,Rathbunaster californicus

363,528.006251335144,415.006271362305,652.993777275085,590.993759155273,363.png,363_box.png,sea cucumber

358,431.006251335144,144.006256103516,539.999995231628,229.993751525879,358.png,358_box.png,Octopoda

370,551.006251335144,6.00625610351562,828.993708610535,190.993743896484,370.png,370_box.png,Rathbunaster californicus

361,0,496.006271362305,164.999984741211,613.00626373291,361.png,361_box.png,Rathbunaster californicus

360,806.006251335144,257.006240844727,971.006236076355,374.006233215332,360.png,360_box.png,Rathbunaster californicus

372,311.006220817566,15.0062561035156,521.006205558777,184,372.png,372_box.png,Rathbunaster californicus

381,982.006190299988,139.006225585938,1157.99367809296,266.993721008301,381.png,381_box.png,Octopoda

352,555.006251335144,213.006240844727,741.006281852722,372.999984741211,352.png,352_box.png,Rathbunaster californicus

353,557.006251335144,234.006240844727,680.006205558777,337.99373626709,353.png,353_box.png,Sebastidae

380,872.006251335144,137.006240844727,1004.00623607635,257.999984741211,380.png,380_box.png,Octopoda

339,310.006251335144,122.006240844727,491.993739128113,305.999984741211,339.png,339_box.png,sea cucumber

346,872.006251335144,46.0062561035156,1052.00623607635,200.993743896484,346.png,346_box.png,Rathbunaster californicus

345,707.006190299988,130.006256103516,887.006175041199,284.993759155273,345.png,345_box.png,Rathbunaster californicus

344,431.006220817566,395.006271362305,611.006205558777,549.993728637695,344.png,344_box.png,Rathbunaster californicus

378,10.0062494277954,539.006210327148,226.99999332428,719,378.png,378_box.png,Rathbunaster californicus

349,473.006251335144,171.006240844727,605.006205558777,286.99373626709,349.png,349_box.png,Strongylocentrotus cf. fragilis

355,925.006190299988,0,1147.0061750412,169.987487792969,355.png,355_box.png,Rathbunaster californicus

376,798.006251335144,46.0062561035156,1014.99999523163,227.000015258789,376.png,376_box.png,Rathbunaster californicus

350,292.006251335144,80.0062408447266,424.006236076355,195.99373626709,350.png,350_box.png,Octopoda

371,582.006251335144,382.006240844727,792.006281852722,550.999984741211,371.png,371_box.png,Rathbunaster californicus

351,170.006251335144,228.006240844727,354.993723869324,373.993728637695,351.png,351_box.png,Rathbunaster californicus

347,108.00624370575,47.0062561035156,417.006213188171,267,347.png,347_box.png,Rathbunaster californicus

368,0,57.0062561035156,148.987487792969,229,368.png,368_box.png,Rathbunaster californicus

340,1093.00625133514,39.0062561035156,1232.00007152557,160.000007629395,340.png,340_box.png,Octopoda

336,792.006251335144,10.0062561035156,1260.00622081757,344.993743896484,336.png,336_box.png,Rathbunaster californicus

338,358.006251335144,27.0062561035156,626.993739128113,258.999984741211,338.png,338_box.png,Rathbunaster californicus

369,698.006190299988,0,975.993678092957,184.987487792969,369.png,369_box.png,Rathbunaster californicus

342,62.0062437057495,31.0062561035156,240.993731498718,152,342.png,342_box.png,Rathbunaster californicus

413,103.006251335144,157.006240844727,244.006236076355,281.993751525879,413.png,413_box.png,Strongylocentrotus cf. fragilis

384,857.006251335144,220.006240844727,1142.99999523163,494.993728637695,384.png,384_box.png,Rathbunaster californicus

395,139.006266593933,0,409.006236076355,222.993743896484,395.png,395_box.png,Rathbunaster californicus

392,809.006251335144,108.006240844727,1100.00622081757,334.993713378906,392.png,392_box.png,Rathbunaster californicus

389,0,138.006240844727,228.993743896484,354.006210327148,389.png,389_box.png,Rathbunaster californicus

388,232.006236076355,8.00624084472656,460.999995231628,224.006225585938,388.png,388_box.png,Rathbunaster californicus

387,496.006251335144,206.006240844727,724.999995231628,422.006225585938,387.png,387_box.png,Rathbunaster californicus

428,829.006251335144,104.006271362305,931.999995231628,204.993743896484,428.png,428_box.png,Strongylocentrotus cf. fragilis

426,619.006251335144,29.0062713623047,749.993739128113,143.00626373291,426.png,426_box.png,Strongylocentrotus cf. fragilis

427,740.006190299988,56.0062713623047,842.999934196472,156.993766784668,427.png,427_box.png,Strongylocentrotus cf. fragilis

391,107.006258964539,232.006240844727,270.993746757507,362.993728637695,391.png,391_box.png,Strongylocentrotus cf. fragilis

393,858.006251335144,121.006240844727,1120.99373912811,259.999984741211,393.png,393_box.png,Pleuronectiformes

410,1057.00625133514,210.006240844727,1279,358.993728637695,410.png,410_box.png,sea cucumber

415,961.006190299988,47.0062561035156,1081.00618267059,150.993751525879,415.png,415_box.png,Strongylocentrotus cf. fragilis

412,63.006251335144,246.006240844727,204.006251335144,370.99373626709,412.png,412_box.png,Strongylocentrotus cf. fragilis

423,1132.00625133514,113.006240844727,1262.99381542206,227.006233215332,423.png,423_box.png,Strongylocentrotus cf. fragilis

394,373.006251335144,0,679.999995231628,234.993728637695,394.png,394_box.png,Rathbunaster californicus

396,1006.0063123703,175.006240844727,1276.00628185272,398,396.png,396_box.png,Rathbunaster californicus

434,1116.00625133514,50.0062713623047,1239.99999523163,156.993766784668,434.png,434_box.png,Strongylocentrotus cf. fragilis

417,136.006251335144,34.0062561035156,275.993739128113,139.006248474121,417.png,417_box.png,Strongylocentrotus cf. fragilis

424,109.006251335144,0,239.993739128113,113.999992370605,424.png,424_box.png,Strongylocentrotus cf. fragilis

404,890.006251335144,100.006256103516,1166.00622081757,305.000015258789,404.png,404_box.png,Rathbunaster californicus

425,647.006190299988,5.00627136230469,777.993678092957,119.00626373291,425.png,425_box.png,Strongylocentrotus cf. fragilis

433,575.006251335144,49.0062713623047,698.999957084656,155.993774414062,433.png,433_box.png,Strongylocentrotus cf. fragilis

430,1178.00625133514,316.006271362305,1279,416.993766784668,430.png,430_box.png,Strongylocentrotus cf. fragilis

432,351.006251335144,216.006240844727,474.999995231628,322.99373626709,432.png,432_box.png,Strongylocentrotus cf. fragilis

431,711.006251335144,286.006271362305,834.999995231628,392.993766784668,431.png,431_box.png,Strongylocentrotus cf. fragilis

419,245.006251335144,80.0062408447266,359.00622844696,194.006233215332,419.png,419_box.png,Strongylocentrotus cf. fragilis

418,153.006251335144,73.0062561035156,267.00624370575,163.006248474121,418.png,418_box.png,Strongylocentrotus cf. fragilis

420,1049.00625133514,203.006271362305,1179.99373912811,317.006248474121,420.png,420_box.png,Strongylocentrotus cf. fragilis

422,833.006251335144,2.00625610351562,963.993739128113,116.006248474121,422.png,422_box.png,Strongylocentrotus cf. fragilis

421,1004.00625133514,14.0062484741211,1134.99373912811,128.006240844727,421.png,421_box.png,Strongylocentrotus cf. fragilis

400,154.006327629089,46.0062561035156,452.000071525574,278.993759155273,400.png,400_box.png,Rathbunaster californicus

429,1159.00625133514,184.006271362305,1262.00007152557,284.993766784668,429.png,429_box.png,Strongylocentrotus cf. fragilis

398,1157.00637340546,152.006240844727,1279,392.006225585938,398.png,398_box.png,Rathbunaster californicus

406,411.006251335144,51.0062561035156,607.993769645691,241.993743896484,406.png,406_box.png,sea cucumber

402,643.006251335144,58.0062561035156,940.999995231628,292.006256103516,402.png,402_box.png,Rathbunaster californicus

399,1198.00625133514,152.006240844727,1279,306.993728637695,399.png,399_box.png,Rathbunaster californicus

409,93.006251335144,95.0062408447266,225.006251335144,209.999984741211,409.png,409_box.png,Strongylocentrotus cf. fragilis

407,163.006251335144,195.006240844727,266.993746757507,294.006233215332,407.png,407_box.png,Strongylocentrotus cf. fragilis

408,247.006251335144,140.006240844727,365.993762016296,239.999984741211,408.png,408_box.png,Strongylocentrotus cf. fragilis

438,983.006251335144,87.0062561035156,1097.99999523163,190.993751525879,438.png,438_box.png,Strongylocentrotus cf. fragilis

403,1094.00625133514,193.006240844727,1221.99367046356,308.993751525879,403.png,403_box.png,Octopoda

401,1024.00625133514,236.006240844727,1279,470.006225585938,401.png,401_box.png,Rathbunaster californicus

439,1026.00625133514,19.0062637329102,1140.99999523163,122.993766784668,439.png,439_box.png,Strongylocentrotus cf. fragilis

440,632.006190299988,32.0062713623047,746.999934196472,135.993766784668,440.png,440_box.png,Strongylocentrotus cf. fragilis

441,83.0062437057495,49.0062713623047,216.993731498718,166.006271362305,441.png,441_box.png,Strongylocentrotus cf. fragilis

442,1167.00625133514,63.0062561035156,1279,163.993751525879,442.png,442_box.png,Strongylocentrotus cf. fragilis

443,1043.00625133514,33.0062713623047,1157.00624370575,133.993759155273,443.png,443_box.png,Strongylocentrotus cf. fragilis

453,1132.00625133514,32.0062561035156,1241.99381542206,116.006248474121,453.png,453_box.png,Strongylocentrotus cf. fragilis

454,232.006236076355,83.0062408447266,341.993746757507,182.999984741211,454.png,454_box.png,Strongylocentrotus cf. fragilis

455,117.006251335144,22.0062561035156,226.993754386902,122,455.png,455_box.png,Strongylocentrotus cf. fragilis

456,643.006251335144,16.0062561035156,752.993746757507,116,456.png,456_box.png,Strongylocentrotus cf. fragilis

457,1146.00625133514,0,1255.99374675751,88.9874954223633,457.png,457_box.png,Strongylocentrotus cf. fragilis

446,573.006251335144,70.0062561035156,687.006281852722,169.006248474121,446.png,446_box.png,Strongylocentrotus cf. fragilis

447,325.006251335144,327.006240844727,458.993739128113,444.999984741211,447.png,447_box.png,Strongylocentrotus cf. fragilis

448,0,420.006210327148,133.987487792969,537.999992370605,448.png,448_box.png,Strongylocentrotus cf. fragilis

449,35.006251335144,64.0062561035156,168.993739128113,182,449.png,449_box.png,Strongylocentrotus cf. fragilis

450,34.006251335144,166.006240844727,167.993739128113,284,450.png,450_box.png,Strongylocentrotus cf. fragilis

452,1150.00625133514,0,1259.99381542206,83.9999923706055,452.png,452_box.png,Strongylocentrotus cf. fragilis

470,189.006251335144,9.00625610351562,306.00624370575,117.006256103516,470.png,470_box.png,Strongylocentrotus cf. fragilis

81,979.006190299988,215.006240844727,1126.99993419647,347.999984741211,81.png,81_box.png,Actiniaria

84,0,140.006240844727,88.9874954223633,227.006233215332,84.png,84_box.png,Actiniaria

96,532.006251335144,373.006240844727,626.993746757507,451.999984741211,96.png,96_box.png,Actiniaria

88,741.006251335144,331.006271362305,900.999995231628,422.993766784668,88.png,88_box.png,Umbellula lindahli

99,1023.00625133514,224.006240844727,1257.99997997284,375.993728637695,99.png,99_box.png,Chionoecetes tanneri

109,990.006251335144,389.006271362305,1054.99374675751,479.00626373291,109.png,109_box.png,Gnathostomata

110,525.006251335144,172.006240844727,607.99378490448,262.006256103516,110.png,110_box.png,Actiniaria

125,440.006251335144,401.006271362305,594.993739128113,531.993728637695,125.png,125_box.png,Actiniaria

130,853.006251335144,286.006271362305,1099.00623607635,365.993766784668,130.png,130_box.png,Pleuronectiformes

132,288.006251335144,188.006271362305,514.993739128113,273.993751525879,132.png,132_box.png,Pleuronectiformes

137,675.006251335144,429.006210327148,942.999995231628,561.999984741211,137.png,137_box.png,sea cucumber

156,1143.00625133514,219.006240844727,1251.00624370575,375.006225585938,156.png,156_box.png,Pleuronectiformes

150,340.006251335144,77.0062408447266,622.006220817566,302.999984741211,150.png,150_box.png,Rathbunaster californicus

193,1123.00625133514,441.006210327148,1223.99381542206,546.006240844727,193.png,193_box.png,Strongylocentrotus cf. fragilis

195,1162.00625133514,356.006271362305,1262.99381542206,461.00626373291,195.png,195_box.png,Strongylocentrotus cf. fragilis

199,1163.00625133514,227.006240844727,1253.99991893768,311.999984741211,199.png,199_box.png,Strongylocentrotus cf. fragilis

202,1211.00625133514,0,1279,77.9999923706055,202.png,202_box.png,Strongylocentrotus cf. fragilis

197,961.006190299988,402.006240844727,1063.00618267059,445.993740081787,197.png,197_box.png,Strongylocentrotus cf. fragilis

223,575.006251335144,123.006256103516,647.006213188171,213.006248474121,223.png,223_box.png,Strongylocentrotus cf. fragilis

233,85.006251335144,254.006240844727,226.999995231628,386.006225585938,233.png,233_box.png,Strongylocentrotus cf. fragilis

227,577.006251335144,38.0062561035156,691.00624370575,129,227.png,227_box.png,Strongylocentrotus cf. fragilis

235,560.006251335144,378.006240844727,722.006205558777,523.993774414062,235.png,235_box.png,Strongylocentrotus cf. fragilis

472,987.006251335144,91.0062561035156,1104.00624370575,199.006248474121,472.png,472_box.png,Strongylocentrotus cf. fragilis

239,676.006251335144,120.006256103516,800.993746757507,232.993751525879,239.png,239_box.png,Strongylocentrotus cf. fragilis

248,185.006236076355,52.0062561035156,309.993731498718,164.993751525879,248.png,248_box.png,Strongylocentrotus cf. fragilis

245,296.006220817566,55.0062561035156,420.993716239929,167.993751525879,245.png,245_box.png,Strongylocentrotus cf. fragilis

250,180.006251335144,66.0062561035156,304.993746757507,178.993751525879,250.png,250_box.png,Strongylocentrotus cf. fragilis

263,391.006251335144,519.006271362305,500.993746757507,607.993766784668,263.png,263_box.png,Asteroidea

473,723.006251335144,93.0062561035156,840.00624370575,201.006248474121,473.png,473_box.png,Strongylocentrotus cf. fragilis

475,694.006251335144,32.0062561035156,785.993746757507,110.006248474121,475.png,475_box.png,Strongylocentrotus cf. fragilis

476,770.006251335144,3.00625610351562,861.993746757507,81.0062637329102,476.png,476_box.png,Strongylocentrotus cf. fragilis

462,582.006251335144,114.006256103516,685.99378490448,210.006248474121,462.png,462_box.png,Strongylocentrotus cf. fragilis

465,1053.00625133514,154.006240844727,1170.00624370575,262.006256103516,465.png,465_box.png,Strongylocentrotus cf. fragilis

477,755.006251335144,103.006256103516,846.993746757507,181.006248474121,477.png,477_box.png,Strongylocentrotus cf. fragilis

468,189.006251335144,101.006240844727,306.00624370575,209.006233215332,468.png,468_box.png,Strongylocentrotus cf. fragilis

471,326.006220817566,25.0062561035156,443.006213188171,133.006248474121,471.png,471_box.png,Strongylocentrotus cf. fragilis

463,944.006251335144,330.006240844727,1061.00624370575,438.006233215332,463.png,463_box.png,Strongylocentrotus cf. fragilis

464,1074.00625133514,253.006271362305,1191.00624370575,361.00626373291,464.png,464_box.png,Strongylocentrotus cf. fragilis

458,270.006251335144,173.006271362305,379.993746757507,261.993751525879,458.png,458_box.png,Strongylocentrotus cf. fragilis

459,1046.00625133514,65.0062561035156,1155.99374675751,153.993751525879,459.png,459_box.png,Strongylocentrotus cf. fragilis

460,1191.00625133514,16.0062561035156,1279,98.9937515258789,460.png,460_box.png,Strongylocentrotus cf. fragilis

461,1140.00625133514,0,1228.99374675751,82.9874954223633,461.png,461_box.png,Strongylocentrotus cf. fragilis

485,731.006251335144,36.0062561035156,852.993746757507,151.000007629395,485.png,485_box.png,Strongylocentrotus cf. fragilis

486,316.006251335144,48.0062561035156,448.999995231628,163.000007629395,486.png,486_box.png,Strongylocentrotus cf. fragilis

489,495.006220817566,0,867.999995231628,284.999969482422,489.png,489_box.png,Rathbunaster californicus

479,266.006251335144,372.006240844727,387.993723869324,486.999984741211,479.png,479_box.png,Strongylocentrotus cf. fragilis

480,101.006251335144,443.006271362305,222.993731498718,557.999977111816,480.png,480_box.png,Strongylocentrotus cf. fragilis

481,102.00624370575,342.006240844727,223.993746757507,456.999984741211,481.png,481_box.png,Strongylocentrotus cf. fragilis

482,0,352.006271362305,121.987495422363,467.000015258789,482.png,482_box.png,Strongylocentrotus cf. fragilis

483,215.006251335144,105.006256103516,336.993723869324,220,483.png,483_box.png,Strongylocentrotus cf. fragilis

484,1021.00625133514,0,1142.99374675751,114.993743896484,484.png,484_box.png,Strongylocentrotus cf. fragilis

490,892.006251335144,61.0062713623047,1034.99373912811,173.993766784668,490.png,490_box.png,Strongylocentrotus cf. fragilis

488,81.006251335144,162.006240844727,417.006220817566,432.999984741211,488.png,488_box.png,Rathbunaster californicus

117,0,449.006271362305,89.9999923706055,569.006225585938,117.png,117_box.png,Actiniaria

266,945.006251335144,281.006240844727,1054.99374675751,369.99373626709,266.png,266_box.png,sea cucumber

268,157.006251335144,79.0062561035156,266.993746757507,167.993751525879,268.png,268_box.png,Gnathostomata

281,700.006251335144,29.0062561035156,964.006220817566,278.999984741211,281.png,281_box.png,sea cucumber

297,179.006236076355,101.006240844727,479.006205558777,296.006225585938,297.png,297_box.png,Rathbunaster californicus

292,1100.00625133514,0,1279,208.987487792969,292.png,292_box.png,Rathbunaster californicus

296,67.0062437057495,234.006240844727,205.999972343445,459.999984741211,296.png,296_box.png,sea cucumber

328,0,394.006240844727,155.999984741211,604.006225585938,328.png,328_box.png,Rathbunaster californicus

329,377.006220817566,203.006271362305,575.99996471405,345,329.png,329_box.png,Rathbunaster californicus

383,0,418.006271362305,175.987487792969,692.000015258789,383.png,383_box.png,Gnathostomata

362,0,124.006256103516,123.993743896484,242.000015258789,362.png,362_box.png,Rathbunaster californicus

354,1129.00625133514,0,1253.00006389618,169.987487792969,354.png,354_box.png,sea cucumber

377,0,232.006271362305,216.993743896484,413.000015258789,377.png,377_box.png,Rathbunaster californicus

386,287.006251335144,110.006240844727,515.99996471405,326.006225585938,386.png,386_box.png,sea cucumber

435,669.006251335144,28.0062713623047,960.006220817566,244.006256103516,435.png,435_box.png,Rathbunaster californicus

436,599.006190299988,54.0062561035156,713.999934196472,157.993751525879,436.png,436_box.png,Strongylocentrotus cf. fragilis

474,802.006251335144,51.0062561035156,919.00624370575,159.006248474121,474.png,474_box.png,Strongylocentrotus cf. fragilis

444,947.006251335144,0,1061.00624370575,86.9999923706055,444.png,444_box.png,Strongylocentrotus cf. fragilis

467,329.006220817566,31.0062561035156,446.006213188171,139.006248474121,467.png,467_box.png,Strongylocentrotus cf. fragilis

466,786.006251335144,141.006256103516,903.00624370575,249.006248474121,466.png,466_box.png,Strongylocentrotus cf. fragilis

437,894.006251335144,30.0062713623047,1008.99999523163,133.993759155273,437.png,437_box.png,Strongylocentrotus cf. fragilis

478,235.006236076355,110.006240844727,340.999995231628,201.99373626709,478.png,478_box.png,Strongylocentrotus cf. fragilis

516,1012.00625133514,324.006240844727,1279,664.993759155273,1537835592962,1537835592962_box,Rathbunaster californicus

518,1044.00625133514,220.006271362305,1279,377.993759155273,1537835646242,1537835646242_box,Rathbunaster californicus

520,216.006251335144,140.006240844727,505.993739128113,363.993728637695,1537835730001,1537835730001_box,Rathbunaster californicus

522,216.006251335144,140.006240844727,505.993739128113,363.993728637695,1537835852471,1537835852471_box,Rathbunaster californicus

524,0,0,127.987495422363,161.999984741211,1537835898747,1537835898747_box,Rathbunaster californicus

525,1049.00625133514,360.006240844727,1250.99991893768,574.000015258789,1537835926247,1537835926247_box,Rathbunaster californicus

526,1049.00625133514,360.006240844727,1250.99991893768,574.000015258789,1537836394035,1537836394035_box,Rathbunaster californicus

528,270.006251335144,164.006271362305,384.00624370575,342.993743896484,1537837122814,1537837122814_box,bigfin eelpout

114,557.006251335144,101.006240844727,683.006205558777,222.99373626709,114.png,114_box.png,Actiniaria

122,1002.00625133514,183.006240844727,1171.99373912811,291.999984741211,122.png,122_box.png,Actiniaria

529,0,0,179.999984741211,113.999992370605,1537899159107,1537899159107_box,Rathbunaster californicus

530,886.006251335144,274.006271362305,1241.00005626678,541.006240844727,1537899172788,1537899172788_box,Rathbunaster californicus

531,477.006220817566,57.0062561035156,762.006251335144,276.006240844727,1537899193821,1537899193821_box,Rathbunaster californicus

532,1172.00625133514,500.006271362305,1279,719,1537899221492,1537899221492_box,Rathbunaster californicus

533,210.006281852722,0,462.006266593933,194.999984741211,1537899233258,1537899233258_box,Rathbunaster californicus

534,1032.00625133514,287.006240844727,1279,531.993728637695,1537899251071,1537899251071_box,Rathbunaster californicus

535,383.006251335144,143.006240844727,683.999934196472,389.006225585938,1537899268358,1537899268358_box,Rathbunaster californicus

536,0,0,78.9937438964844,132.993743896484,1537899342284,1537899342284_box,Octopoda

537,0,0,302.999969482422,207.993743896484,1537899412990,1537899412990_box,Rathbunaster californicus

538,707.006190299988,48.0062561035156,1071.99367809296,322,1537899457760,1537899457760_box,Rathbunaster californicus

539,564.006251335144,16.0062561035156,729.006281852722,169.006240844727,1537899496370,1537899496370_box,Octopoda

540,0,26.0062561035156,358.987487792969,288,1537899527035,1537899527035_box,Rathbunaster californicus

541,288.006251335144,51.0062561035156,646.993769645691,313,1537899609650,1537899609650_box,Rathbunaster californicus

542,554.006251335144,0,912.993678092957,261.993743896484,1537899647578,1537899647578_box,Rathbunaster californicus

543,5.00624942779541,7.00625610351562,375.993737220764,256.006256103516,1537900857021,1537900857021_box,Rathbunaster californicus

544,56.0062437057495,59.0062561035156,209.999987602234,153,1537900873089,1537900873089_box,Octopoda

545,847.006251335144,127.006256103516,1022.99373912811,398,1537901062459,1537901062459_box,Unknown

547,901.006251335144,248.006240844727,1076.99373912811,453.993728637695,1537901510543,1537901510543_box,Synodus

548,1171.00625133514,238.006271362305,1271.99381542206,407.993759155273,1537901529075,1537901529075_box,Synodus

549,74.0062437057495,130.006256103516,407.006213188171,406.006256103516,1537902546091,1537902546091_box,Rathbunaster californicus

550,237.006251335144,145.006256103516,570.006220817566,421.006256103516,1537902594342,1537902594342_box,Rathbunaster californicus

551,92.0062437057495,15.0062561035156,480.993731498718,291.006225585938,1537902615891,1537902615891_box,Rathbunaster californicus

552,968.006251335144,79.0062561035156,1178.00623607635,355.006256103516,1537902851583,1537902851583_box,Pleuronectiformes

553,560.006251335144,0,947.006190299988,285.993743896484,1537902872581,1537902872581_box,Rathbunaster californicus

554,823.006251335144,46.0062561035156,1210.00622081757,332,1537902894130,1537902894130_box,Rathbunaster californicus

555,275.006251335144,19.0062561035156,497.99996471405,272.993759155273,1537902912565,1537902912565_box,Rathbunaster californicus

556,0,0,190.987487792969,187.987487792969,1537902963374,1537902963374_box,sea cucumber

557,2.00624942779541,212.006240844727,240.993737220764,393.993728637695,1537912188916,1537912188916_box,Umbellula lindahli

558,0,9.00625610351562,156.993743896484,190.993743896484,1537912220495,1537912220495_box,Chionoecetes tanneri

559,1090.00625133514,57.0062561035156,1247.00007152557,238.993743896484,1537912228353,1537912228353_box,Chionoecetes tanneri

560,700.006251335144,193.006240844727,856.999995231628,374.993743896484,1537912248585,1537912248585_box,thornyhead rockfish

561,469.006251335144,123.006256103516,700.006236076355,223.993751525879,1537912373963,1537912373963_box,Funiculina

562,862.006251335144,87.0062561035156,1093.00623607635,187.993751525879,1537912443465,1537912443465_box,Funiculina

563,1097.00625133514,15.0062561035156,1279,166,1537912459884,1537912459884_box,Chionoecetes tanneri

564,55.006251335144,58.0062561035156,238.999995231628,209.000015258789,1537912471724,1537912471724_box,Chionoecetes tanneri

565,0,85.0062561035156,208.987487792969,236.000015258789,1537912502421,1537912502421_box,Funiculina

566,573.006251335144,67.0062561035156,804.006266593933,218.000015258789,1537912661233,1537912661233_box,Chionoecetes tanneri

567,0,0,174.993743896484,108.993743896484,1537912675384,1537912675384_box,Chionoecetes tanneri

568,907.006190299988,292.006271362305,1108.0061750412,512.993759155273,1537912735458,1537912735458_box,Chionoecetes tanneri

569,448.006251335144,253.006271362305,649.999995231628,403.006256103516,1537912753193,1537912753193_box,Chionoecetes tanneri

570,0,104.006240844727,95.9999923706055,186.99373626709,1537912792592,1537912792592_box,thornyhead rockfish

571,0,0,266.999969482422,216.993713378906,1537912814826,1537912814826_box,Chionoecetes tanneri

572,1163.00625133514,178.006271362305,1274.0061750412,281.993766784668,1537912841328,1537912841328_box,Unknown

573,36.006251335144,72.0062561035156,258.006236076355,252.006240844727,1537912956261,1537912956261_box,Chionoecetes tanneri

574,227.006251335144,49.0062713623047,449.006220817566,229.006256103516,1537912977298,1537912977298_box,Chionoecetes tanneri

575,517.006251335144,176.006271362305,607.00624370575,257.006248474121,1537912999853,1537912999853_box,Funiculina

576,261.006251335144,51.0062561035156,577.993739128113,205.993743896484,1537913041778,1537913041778_box,Funiculina

577,614.006190299988,67.0062713623047,779.999934196472,223.006256103516,1537913054568,1537913054568_box,Chionoecetes tanneri

578,462.006220817566,75.0062561035156,628.993754386902,190,1537913069868,1537913069868_box,Funiculina

579,799.006251335144,82.0062713623047,965.993739128113,197.000015258789,1537913081877,1537913081877_box,Funiculina

580,797.006251335144,77.0062713623047,1026.99373912811,245.006240844727,1537913105302,1537913105302_box,Umbellula lindahli

581,604.006251335144,60.0062561035156,833.993739128113,252.006240844727,1537913169774,1537913169774_box,Chionoecetes tanneri

582,1160.00625133514,142.006271362305,1279,233.000015258789,1537913187391,1537913187391_box,Funiculina

583,308.006220817566,35.0062713623047,428.99996471405,126.000015258789,1537913192378,1537913192378_box,Funiculina

584,1016.00625133514,86.0062713623047,1238.99991893768,245.006240844727,1537913211812,1537913211812_box,Chionoecetes tanneri

585,452.006251335144,44.0062713623047,1032.99367809296,204.000015258789,1537913246817,1537913246817_box,Eptatretus stoutii

586,949.006190299988,163.006271362305,1169.99367809296,256.00626373291,1537913260885,1537913260885_box,Funiculina

587,593.006251335144,80.0062713623047,785.999949455261,227.006240844727,1537913279461,1537913279461_box,Chionoecetes tanneri

588,738.006251335144,38.0062713623047,958.993739128113,221.006240844727,1537913548850,1537913548850_box,Chionoecetes tanneri

589,258.006251335144,63.0062561035156,558.006220817566,223.993743896484,1537913563644,1537913563644_box,Umbellula lindahli

590,882.006251335144,256.006271362305,999.00624370575,362.993766784668,1537913596625,1537913596625_box,Unknown

591,50.0062437057495,99.0062713623047,258.993731498718,277.993774414062,1537913609746,1537913609746_box,Chionoecetes tanneri

592,0,86.0062713623047,292.987487792969,177.993766784668,1537913630352,1537913630352_box,Funiculina

593,968.006251335144,158.006271362305,1103.00623607635,249.993743896484,1537913650905,1537913650905_box,Funiculina

594,770.006190299988,207.006240844727,1025.99991893768,336.999984741211,1537913665488,1537913665488_box,Umbellula lindahli

595,483.006220817566,147.006256103516,648.006251335144,301.993743896484,1537913680104,1537913680104_box,Chionoecetes tanneri

596,447.006220817566,149.006240844727,612.006251335144,303.993728637695,1537913696615,1537913696615_box,Chionoecetes tanneri

597,781.006251335144,447.006210327148,860.993746757507,513.006240844727,1537913712597,1537913712597_box,Funiculina

598,957.006251335144,141.006256103516,1164.99999523163,241.993751525879,1537913720183,1537913720183_box,Funiculina

599,757.006251335144,0,1009.99997997284,152.999984741211,1537913732041,1537913732041_box,Umbellula lindahli

600,213.006251335144,137.006240844727,393.999995231628,263.006233215332,1537913742359,1537913742359_box,Chionoecetes tanneri

601,570.006251335144,46.0062561035156,811.993769645691,203,1537913756141,1537913756141_box,Chionoecetes tanneri

602,238.006236076355,55.0062561035156,479.993739128113,212.000015258789,1537913765184,1537913765184_box,Funiculina

603,0,23.0062484741211,201.993743896484,144.993743896484,1537913795976,1537913795976_box,Funiculina

604,704.006190299988,76.0062561035156,956.999918937683,259.006256103516,1537913817055,1537913817055_box,Umbellula lindahli

605,861.006251335144,204.006240844727,1113.99997997284,315.999984741211,1537913840321,1537913840321_box,Funiculina

606,157.006251335144,72.0062561035156,584.993739128113,231.006240844727,1537913858055,1537913858055_box,Funiculina

607,370.006251335144,121.006256103516,592.006236076355,317.993759155273,1537913868916,1537913868916_box,Chionoecetes tanneri

608,0,79.0062561035156,186.993743896484,248.000015258789,1537913891553,1537913891553_box,Chionoecetes tanneri

609,847.006251335144,118.006256103516,1085.99373912811,269.993759155273,1537913914765,1537913914765_box,Umbellula lindahli

610,701.006190299988,64.0062561035156,941.006175041199,280.006256103516,1537913924799,1537913924799_box,Chionoecetes tanneri

611,849.006251335144,118.006256103516,972.999995231628,238.00626373291,1537913937529,1537913937529_box,Funiculina

612,315.006251335144,141.006256103516,438.999995231628,261.006248474121,1537913942394,1537913942394_box,Funiculina

613,1188.00625133514,170.006271362305,1279,308.006240844727,1537914045678,1537914045678_box,Unknown

614,0,126.006256103516,248.999984741211,211.993751525879,1537914437994,1537914437994_box,Funiculina

615,233.006236076355,175.006240844727,440.006220817566,296,1537914447986,1537914447986_box,Chionoecetes tanneri

616,987.006251335144,106.006256103516,1194.00623607635,227.000015258789,1537914460523,1537914460523_box,Funiculina

617,901.006251335144,89.0062408447266,1108.00623607635,209.999984741211,1537914524864,1537914524864_box,Umbellula lindahli

618,386.006220817566,106.006256103516,593.006205558777,227.000015258789,1537914540124,1537914540124_box,Chionoecetes tanneri

619,949.006190299988,88.0062561035156,1210.00615978241,205.00626373291,1537914570405,1537914570405_box,Umbellula lindahli

620,75.006251335144,320.006240844727,384.006220817566,492.993728637695,1537914587767,1537914587767_box,Umbellula lindahli

621,755.006190299988,43.0062561035156,981.993678092957,190.006240844727,1537914597995,1537914597995_box,Chionoecetes tanneri

622,0,503.006271362305,144.993743896484,713.006225585938,1537914633422,1537914633422_box,Pleuronectiformes

623,617.006190299988,84.0062561035156,1025.00615978241,205.993751525879,1537914652508,1537914652508_box,Funiculina

624,516.006251335144,61.0062561035156,924.006251335144,182.993751525879,1537914663567,1537914663567_box,Funiculina

625,34.006251335144,163.006240844727,220.006236076355,299.993743896484,1537914678749,1537914678749_box,Funiculina

626,201.006251335144,33.0062561035156,387.006236076355,169.993759155273,1537914690846,1537914690846_box,Funiculina

627,1003.00619029999,250.006271362305,1189.0061750412,386.993759155273,1537914696117,1537914696117_box,Funiculina

628,438.006251335144,65.0062561035156,670.993769645691,209.006240844727,1537914714489,1537914714489_box,Chionoecetes tanneri

629,891.006251335144,83.0062408447266,1224.00622081757,206.999984741211,1537914725328,1537914725328_box,Funiculina

630,274.006251335144,134.006240844727,380.000010490417,258.99373626709,1537914741956,1537914741956_box,Actiniaria

631,43.0062475204468,0,280.999976158142,109.987495422363,1537914752877,1537914752877_box,Funiculina

632,545.006251335144,103.006271362305,788.999949455261,248.000015258789,1537914766966,1537914766966_box,Umbellula lindahli

633,870.006251335144,130.006271362305,1164.00622081757,275.000015258789,1537914781523,1537914781523_box,Umbellula lindahli

634,142.006251335144,64.0062713623047,541.99996471405,244.006256103516,1537914849700,1537914849700_box,Funiculina

635,0,75.0062561035156,208.987487792969,231.006240844727,1537914865393,1537914865393_box,Umbellula lindahli

636,363.006251335144,22.0062637329102,456.00624370575,101.000015258789,1537914884090,1537914884090_box,Actiniaria

637,311.006220817566,78.0062561035156,459.993708610535,193,1537914909259,1537914909259_box,Chionoecetes tanneri

638,422.006251335144,65.0062713623047,614.999949455261,189.000015258789,1537914922662,1537914922662_box,Chionoecetes tanneri

639,422.006251335144,41.0062713623047,744.993708610535,207.993743896484,1537914946258,1537914946258_box,Chionoecetes tanneri

640,422.006251335144,129.006271362305,584.999995231628,208.993782043457,1537914963164,1537914963164_box,Funiculina

641,264.006251335144,98.0062713623047,456.999995231628,209.006248474121,1537914974860,1537914974860_box,Umbellula lindahli

642,1088.00625133514,48.0062713623047,1279,159.006256103516,1537915020052,1537915020052_box,Umbellula lindahli

643,470.006251335144,62.0062713623047,818.006190299988,213,1537915032355,1537915032355_box,Umbellula lindahli

644,806.006190299988,182.006271362305,980.999934196472,291.993743896484,1537915042927,1537915042927_box,Funiculina

645,772.006251335144,78.0062561035156,1183.99996471405,243.006240844727,1537915061977,1537915061977_box,Funiculina

646,642.006251335144,71.0062713623047,999.999995231628,237,1537915073638,1537915073638_box,Funiculina

647,882.006251335144,251.006240844727,1068.00623607635,341.006233215332,1537915779226,1537915779226_box,Umbellula lindahli

648,1095.00625133514,125.006240844727,1279,272.999984741211,1537915792784,1537915792784_box,Funiculina

649,442.006251335144,47.0062561035156,800.993739128113,219.993743896484,1537915804189,1537915804189_box,Funiculina

650,899.006251335144,72.0062561035156,1257.99364757538,244.993743896484,1537915819393,1537915819393_box,Umbellula lindahli

651,308.006220817566,79.0062561035156,572.99996471405,203.993751525879,1537915836323,1537915836323_box,Umbellula lindahli

652,174.006251335144,83.0062408447266,414.006236076355,227.999984741211,1537916093908,1537916093908_box,Chionoecetes tanneri

653,1163.00625133514,241.006271362305,1279,331.00626373291,1537916139705,1537916139705_box,Chionoecetes tanneri

654,723.006251335144,100.006256103516,982.993739128113,268.006271362305,1537916156468,1537916156468_box,Umbellula lindahli

655,1107.00625133514,211.006271362305,1279,293.993766784668,1537916179146,1537916179146_box,Funiculina

656,266.006251335144,56.0062561035156,551.006220817566,207.993743896484,1537916228596,1537916228596_box,Chionoecetes tanneri

657,459.006220817566,96.0062561035156,702.006236076355,219.006248474121,1537916243486,1537916243486_box,Funiculina

658,1113.00625133514,81.0062561035156,1279,244,1537916261659,1537916261659_box,Chionoecetes tanneri

659,307.006251335144,77.0062408447266,551.993739128113,212.006225585938,1537916287253,1537916287253_box,Funiculina

660,875.006251335144,114.006256103516,1119.99373912811,249.006240844727,1537916301694,1537916301694_box,Umbellula lindahli

661,343.006281852722,0,773.993800163269,151.987487792969,1537917021212,1537917021212_box,Funiculina

662,464.006251335144,55.0062561035156,894.993678092957,206.993759155273,1537917026467,1537917026467_box,Funiculina

663,300.006281852722,118.006256103516,463.000025749207,218.993766784668,1537917048872,1537917048872_box,Funiculina

664,109.006274223328,29.0062561035156,275.000018119812,221.006240844727,1537917079918,1537917079918_box,Funiculina

665,0,29.0062561035156,216.993743896484,159,1537917103532,1537917103532_box,Funiculina

666,835.0063123703,71.0062561035156,995.993800163269,201.993743896484,1537917121731,1537917121731_box,Actiniaria

667,186.006266593933,94.0062561035156,346.993769645691,224.993759155273,1537917154661,1537917154661_box,Actiniaria

668,625.006251335144,93.0062561035156,958.006220817566,220.993751525879,1537917192707,1537917192707_box,Funiculina

669,525.006251335144,95.0062408447266,729.006236076355,222.99373626709,1537917210394,1537917210394_box,Umbellula lindahli

670,76.0062818527222,68.0062561035156,379.006251335144,236.006240844727,1537917224405,1537917224405_box,Umbellula lindahli

671,888.006251335144,123.006256103516,1026.00623607635,265.993743896484,1537917253792,1537917253792_box,Funiculina

672,638.0063123703,39.0062561035156,918.993800163269,229.993743896484,1537917281516,1537917281516_box,Umbellula lindahli

673,864.006251335144,62.0062561035156,1146.00622081757,318.993743896484,1537917298372,1537917298372_box,Chionoecetes tanneri

674,1009.00625133514,101.006240844727,1261.00623607635,281.999984741211,1537917339170,1537917339170_box,Umbellula lindahli

675,1098.00625133514,79.0062561035156,1278.00623607635,191.993751525879,1537917352595,1537917352595_box,Funiculina

676,186.006266593933,82.0062561035156,541.000010490417,232.006271362305,1537917380445,1537917380445_box,Funiculina

677,157.006281852722,0,455.993739128113,161.999984741211,1537917400027,1537917400027_box,Umbellula lindahli

678,692.0063123703,126.006256103516,836.006297111511,238,1537917412868,1537917412868_box,Funiculina

679,451.006281852722,65.0062561035156,809.993800163269,249,1537917424319,1537917424319_box,Funiculina

680,1038.00625133514,76.0062561035156,1279,260.993759155273,1537917447499,1537917447499_box,Umbellula lindahli

681,0,121.006256103516,310.987487792969,239.000015258789,1537917489212,1537917489212_box,Funiculina

682,0,121.006256103516,310.987487792969,239.000015258789,1537917512858,1537917512858_box,Funiculina

683,494.006251335144,110.006240844727,875.999934196472,228.99373626709,1537917630438,1537917630438_box,Funiculina

684,215.006251335144,93.0062561035156,348.993723869324,205,1537917663577,1537917663577_box,Funiculina

685,1022.00625133514,323.006240844727,1155.99373912811,434.999984741211,1537917671800,1537917671800_box,Unknown

686,289.006251335144,107.006240844727,670.99996471405,219.99373626709,1537918507166,1537918507166_box,Funiculina

687,183.006251335144,235.006271362305,343.993739128113,349.00626373291,1537918515589,1537918515589_box,Funiculina

688,565.006251335144,185.006271362305,725.993739128113,299.006248474121,1537918524821,1537918524821_box,Funiculina

689,305.006220817566,31.0062561035156,551.999949455261,227.993759155273,1537918607063,1537918607063_box,Umbellula lindahli

690,808.006251335144,58.0062561035156,1129.99999523163,329,1537918640404,1537918640404_box,Umbellula lindahli

691,582.006251335144,23.0062484741211,744.006281852722,180.99373626709,1537918659065,1537918659065_box,Actiniaria

692,364.006251335144,82.0062561035156,526.006236076355,239.993759155273,1537919038741,1537919038741_box,thornyhead rockfish

693,315.006251335144,196.006240844727,432.999995231628,269.993751525879,1537919053825,1537919053825_box,Funiculina

694,876.006251335144,225.006240844727,1053.00623607635,376.993728637695,1537919479576,1537919479576_box,Funiculina

695,1137.00625133514,73.0062561035156,1260.99999523163,175.006248474121,1537919515013,1537919515013_box,Actiniaria

696,53.006251335144,109.006256103516,381.993739128113,298.006256103516,1537919528560,1537919528560_box,Umbellula lindahli

697,835.006251335144,345.006240844727,949.00624370575,466.99373626709,1537919565062,1537919565062_box,Funiculina

698,163.006251335144,121.006256103516,365.000010490417,278.000015258789,1537919580364,1537919580364_box,Actiniaria

699,1052.00625133514,99.0062561035156,1279,205.993751525879,1537919604995,1537919604995_box,Funiculina

700,973.006190299988,78.0062561035156,1136.99367809296,186.006248474121,1537919635620,1537919635620_box,Funiculina

701,571.006251335144,18.0062561035156,844.999995231628,232.993743896484,1537919673939,1537919673939_box,Chionoecetes tanneri

702,0,157.006240844727,151.987487792969,266,1537919687885,1537919687885_box,Funiculina

703,851.006251335144,81.0062561035156,1142.00622081757,217.993743896484,1537919701183,1537919701183_box,Umbellula lindahli

704,320.006220817566,103.006256103516,521.006205558777,209.000015258789,1537919713750,1537919713750_box,Funiculina

705,57.0062437057495,70.0062561035156,178.993739128113,176.993751525879,1537919738657,1537919738657_box,Actiniaria

706,511.006251335144,71.0062561035156,784.006220817566,312.993743896484,1537919776877,1537919776877_box,Chionoecetes tanneri

707,890.006251335144,0,1130.99997997284,220.987487792969,1537919811101,1537919811101_box,Umbellula lindahli

708,942.006251335144,30.0062561035156,1128.99999523163,427.993743896484,1537919867747,1537919867747_box,Umbellula lindahli

709,253.006251335144,87.0062561035156,341.000018119812,418.993743896484,1537919918389,1537919918389_box,Funiculina

710,648.006251335144,50.0062561035156,735.999995231628,381.993743896484,1537919923308,1537919923308_box,Funiculina

711,481.006251335144,95.0062408447266,605.993746757507,239.006225585938,1537919938403,1537919938403_box,Actiniaria

712,1125.00625133514,81.0062561035156,1249.99374675751,225.006240844727,1537919944377,1537919944377_box,Chionoecetes tanneri

713,1125.00625133514,114.006256103516,1251.00624370575,364.993743896484,1537919955751,1537919955751_box,Umbellula lindahli

714,752.006190299988,146.006240844727,878.006182670593,396.993728637695,1537919963381,1537919963381_box,Funiculina

715,1158.00625133514,0,1279,383.999969482422,1537919976592,1537919976592_box,Funiculina

716,200.0063123703,21.0062713623047,324.000056266785,280.000015258789,1537919988418,1537919988418_box,Umbellula lindahli

717,120.0063123703,37.0062713623047,274.993800163269,355.006240844727,1537920002906,1537920002906_box,Umbellula lindahli

718,684.0063123703,18.0062713623047,840.006297111511,514.000015258789,1537920019740,1537920019740_box,Funiculina

719,1069.00625133514,124.006271362305,1225.00623607635,514.006240844727,1537920030165,1537920030165_box,Funiculina

720,1043.00625133514,119.006271362305,1143.99374675751,300.993743896484,1537920045511,1537920045511_box,Umbellula lindahli

721,190.006297111511,83.0062713623047,344.000041007996,441.993759155273,1537920092548,1537920092548_box,Funiculina

724,767.006251335144,146.006256103516,971.006236076355,396.993728637695,1537989469415,1537989469415_box,Chionoecetes tanneri

725,1039.00625133514,28.0062713623047,1117.99999523163,280.006256103516,1537989491027,1537989491027_box,Funiculina

726,805.0063123703,206.006271362305,884.000056266785,320.00626373291,1537989517959,1537989517959_box,Chionoecetes tanneri

727,767.006251335144,62.0062713623047,906.993739128113,290.006240844727,1537989535716,1537989535716_box,Umbellula lindahli

728,1135.00625133514,71.0062713623047,1195.99999904633,206.006240844727,1537989547947,1537989547947_box,Funiculina

729,529.0063123703,91.0062713623047,689.993800163269,227.000015258789,1537989585173,1537989585173_box,Actiniaria

730,1028.00625133514,49.0062713623047,1146.99374675751,385.006240844727,1537989684357,1537989684357_box,Funiculina

731,1028.00625133514,244.006271362305,1148.00624370575,385.006256103516,1537989694305,1537989694305_box,Octopoda

732,122.0063123703,60.0062561035156,218.0063123703,349,1537989728140,1537989728140_box,Funiculina

733,139.006297111511,69.0062561035156,284.000041007996,453.999969482422,1537989755823,1537989755823_box,Funiculina

734,1038.00625133514,51.0062561035156,1209.00623607635,495.999969482422,1537989765613,1537989765613_box,Funiculina

735,313.006281852722,40.0062713623047,488.000025749207,550.999984741211,1537989781196,1537989781196_box,Funiculina

736,525.0063123703,0,700.000010490417,510.993713378906,1537989789055,1537989789055_box,Funiculina

737,819.0063123703,222.006240844727,933.006304740906,543.006271362305,1537989796721,1537989796721_box,Funiculina

738,52.0063047409058,68.0062713623047,187.006289482117,566.006240844727,1537989807345,1537989807345_box,Funiculina

739,24.006308555603,140.006240844727,175.000037193298,497.006210327148,1537989815977,1537989815977_box,Funiculina

740,587.0063123703,82.0062561035156,738.000056266785,439.006225585938,1537989839619,1537989839619_box,Funiculina

741,957.0063123703,262.006271362305,1014.0063085556,398.000015258789,1537989846972,1537989846972_box,Funiculina

742,101.006304740906,116.006240844727,198.993807792664,513.993728637695,1537989856367,1537989856367_box,Funiculina

743,225.006297111511,113.006240844727,349.993769645691,266.999984741211,1537989879477,1537989879477_box,Chionoecetes tanneri

744,75.0063047409058,86.0062408447266,168.006289482117,344.999984741211,1537989914786,1537989914786_box,Funiculina

745,782.006251335144,114.006256103516,942.993739128113,250.993743896484,1537989939629,1537989939629_box,Actiniaria

746,501.0063123703,113.006240844727,640.000010490417,377.999984741211,1537989955153,1537989955153_box,Funiculina

747,414.0063123703,144.006256103516,531.006304740906,565.993774414062,1537989964209,1537989964209_box,Funiculina

748,728.006251335144,84.0062561035156,845.999995231628,492.006225585938,1537989980214,1537989980214_box,Funiculina

749,698.0063123703,25.0062561035156,792.000056266785,659.993743896484,1537989999568,1537989999568_box,Funiculina

750,831.0063123703,76.0062561035156,946.993807792664,334.006256103516,1537990018427,1537990018427_box,Umbellula lindahli

751,207.0063123703,91.0062561035156,322.99378490448,502.006225585938,1537990045371,1537990045371_box,Funiculina

752,1024.00625133514,168.006240844727,1178.99373912811,322.993728637695,1537990082839,1537990082839_box,Actiniaria

753,450.0063123703,103.006256103516,604.993769645691,257.993759155273,1537990097669,1537990097669_box,Actiniaria

754,497.0063123703,95.0062408447266,573.000056266785,350.006225585938,1537990113357,1537990113357_box,Funiculina

755,1017.00625133514,8.00625610351562,1092.99999523163,263.006240844727,1537990124028,1537990124028_box,Funiculina

756,97.0063047409058,21.0062561035156,350.993792533875,258.999984741211,1537990137683,1537990137683_box,Chionoecetes tanneri

757,469.0063123703,35.0062561035156,616.006297111511,542.999969482422,1537990156903,1537990156903_box,Funiculina

758,614.0063123703,9.00625610351562,779.006297111511,343,1537990177853,1537990177853_box,Umbellula lindahli

759,678.006251335144,115.006256103516,874.993739128113,295.006256103516,1537991256396,1537991256396_box,Chionoecetes tanneri

760,25.006251335144,95.0062408447266,128.993746757507,359.006210327148,1537991267248,1537991267248_box,Funiculina

761,192.006251335144,71.0062561035156,346.993739128113,266.006240844727,1537991279265,1537991279265_box,Chionoecetes tanneri

762,1055.00625133514,16.0062561035156,1181.99999523163,562.999969482422,1537991371577,1537991371577_box,Funiculina

763,450.006220817566,35.0062561035156,576.99996471405,602.999969482422,1537991409845,1537991409845_box,Funiculina

764,162.006251335144,217.006271362305,375.006236076355,395.993759155273,1537991434351,1537991434351_box,Chionoecetes tanneri

765,490.006251335144,115.006271362305,640.006236076355,287.993759155273,1537991453036,1537991453036_box,Chionoecetes tanneri

766,716.006190299988,256.006271362305,854.006175041199,485.000015258789,1537991501157,1537991501157_box,Umbellula lindahli

767,586.006251335144,102.006271362305,749.993739128113,433.993759155273,1537991527492,1537991527492_box,Funiculina

768,558.006251335144,103.006256103516,673.000033378601,407.993743896484,1537991699773,1537991699773_box,Funiculina

769,225.006251335144,81.0062561035156,291.00624370575,465.006225585938,1537991728625,1537991728625_box,Funiculina

770,163.006251335144,164.006271362305,244.999995231628,426.993728637695,1537991742242,1537991742242_box,Funiculina

771,295.006251335144,153.006256103516,419.993746757507,285.006240844727,1537991828606,1537991828606_box,Chionoecetes tanneri

772,225.006251335144,61.0062561035156,397.993739128113,379.006225585938,1537991857499,1537991857499_box,Umbellula lindahli

773,502.006251335144,56.0062561035156,736.006236076355,558.993713378906,1537991871823,1537991871823_box,Funiculina

774,152.006236076355,97.0062561035156,260.00622844696,305.993759155273,1537991900023,1537991900023_box,Funiculina

775,1120.00625133514,0,1279,281.999969482422,1537991926026,1537991926026_box,Umbellula lindahli

776,675.006251335144,85.0062561035156,769.993746757507,646.006195068359,1537991946991,1537991946991_box,Funiculina

777,692.0063123703,185.006271362305,824.006297111511,336.993743896484,1537991962789,1537991962789_box,Actiniaria

778,1142.00625133514,147.006256103516,1274.0061750412,298.993743896484,1537991969796,1537991969796_box,Funiculina

779,68.0062665939331,128.006240844727,200.006251335144,279.993728637695,1537991983204,1537991983204_box,Funiculina

780,345.006281852722,87.0062561035156,454.993777275085,313.993743896484,1537992119264,1537992119264_box,Umbellula lindahli

781,651.006251335144,46.0062561035156,760.993746757507,272.993759155273,1537992144424,1537992144424_box,Funiculina

782,1063.00625133514,160.006240844727,1172.99374675751,386.993743896484,1537992150293,1537992150293_box,Funiculina

783,776.006251335144,100.006256103516,875.999995231628,395,1537992161000,1537992161000_box,Funiculina

784,1133.00625133514,57.0062561035156,1274.0061750412,241.993743896484,1537992186411,1537992186411_box,Chionoecetes tanneri

785,1222.00625133514,1.00625610351562,1279,229.006256103516,1537992219766,1537992219766_box,Funiculina

786,1037.00625133514,34.0062561035156,1224.99366283417,187.006240844727,1537992230164,1537992230164_box,Chionoecetes tanneri

787,844.006251335144,25.0062561035156,1018.00623607635,335.993743896484,1537992257279,1537992257279_box,Umbellula lindahli

788,271.006251335144,34.0062561035156,376.999995231628,266.993759155273,1537992279535,1537992279535_box,Umbellula lindahli

789,478.006251335144,69.0062561035156,634.999995231628,238.993743896484,1537992294336,1537992294336_box,Chionoecetes tanneri

790,19.0062627792358,17.0062484741211,143.99374294281,534.99373626709,1537992315219,1537992315219_box,Funiculina

791,124.006251335144,17.0062484741211,212.993754386902,215.006233215332,1537992331021,1537992331021_box,Funiculina

792,0,0,50.9999961853027,199.987487792969,1537992378539,1537992378539_box,Funiculina

793,35.006251335144,24.0062561035156,168.993739128113,285.006225585938,1537992481861,1537992481861_box,Umbellula lindahli

794,515.006251335144,21.0062561035156,678.993708610535,202,1537992504527,1537992504527_box,Chionoecetes tanneri

795,905.006251335144,185.006271362305,1068.99373912811,365.999984741211,1537992529669,1537992529669_box,Chionoecetes tanneri

796,598.006251335144,89.0062408447266,761.993739128113,269.999984741211,1537992537923,1537992537923_box,Unknown

797,638.006190299988,62.0062561035156,735.993685722351,602.006195068359,1537992726553,1537992726553_box,Funiculina

798,424.006251335144,63.0062561035156,521.993746757507,391.993743896484,1537992817288,1537992817288_box,Funiculina

799,641.006190299988,45.0062561035156,738.993685722351,435.999969482422,1537992828422,1537992828422_box,Funiculina

800,1178.00625133514,21.0062561035156,1275.99367046356,549.999908447266,1537992841059,1537992841059_box,Funiculina

801,1178.00625133514,21.0062561035156,1275.99367046356,549.999908447266,1537992859491,1537992859491_box,Funiculina

802,504.006251335144,172.006240844727,628.993777275085,346.006256103516,1537992872833,1537992872833_box,Chionoecetes tanneri

803,510.006251335144,102.006256103516,592.993746757507,402.006225585938,1537992889517,1537992889517_box,Funiculina

804,839.006251335144,234.006240844727,980.999995231628,408.006225585938,1537993213471,1537993213471_box,Chionoecetes tanneri

805,114.006251335144,89.0062408447266,255.999995231628,263.006225585938,1537993223585,1537993223585_box,Chionoecetes tanneri

806,0,55.0062561035156,55.9874954223633,229.006271362305,1537993236448,1537993236448_box,Funiculina

807,46.0062475204468,64.0062561035156,116.993750572205,317.993759155273,1537993242454,1537993242454_box,Funiculina

808,424.006251335144,198.006240844727,589.999995231628,393.999984741211,1537993256428,1537993256428_box,Chionoecetes tanneri

809,886.006251335144,43.0062561035156,1045.00623607635,472.006225585938,1537993267182,1537993267182_box,Funiculina

810,286.006251335144,62.0062561035156,446.000010490417,272.006240844727,1537993289013,1537993289013_box,Chionoecetes tanneri

811,611.006190299988,42.0062561035156,882.993678092957,262,1537993310133,1537993310133_box,Chionoecetes tanneri

812,625.006251335144,25.0062561035156,776.993739128113,245.993759155273,1537993323165,1537993323165_box,Chionoecetes tanneri

813,449.006251335144,42.0062561035156,600.993708610535,262.993743896484,1537993333265,1537993333265_box,Chionoecetes tanneri

816,958.006190299988,68.0062561035156,1109.99367809296,288.993743896484,1537993436855,1537993436855_box,Funiculina

818,0,0,64.9874877929688,215.999984741211,1537993454977,1537993454977_box,Funiculina

819,0,0,64.9874877929688,215.999984741211,1537993461258,1537993461258_box,Funiculina

820,117.0063123703,29.0062561035156,316.99378490448,245.006240844727,1537993478684,1537993478684_box,Chionoecetes tanneri

821,117.0063123703,29.0062561035156,316.99378490448,245.006240844727,1537993524687,1537993524687_box,Chionoecetes tanneri

822,497.006251335144,72.0062561035156,600.993708610535,586.993743896484,1537993594663,1537993594663_box,Funiculina-Halipteris complex

823,497.006251335144,72.0062561035156,600.993708610535,586.993743896484,1537993601265,1537993601265_box,Funiculina

842,351.006251335144,47.0062561035156,430.993746757507,276.993743896484,1537994103994,1537994103994_box,Funiculina

845,645.006251335144,131.006240844727,771.999995231628,302.999984741211,1537994120555,1537994120555_box,Chionoecetes tanneri

851,805.006251335144,39.0062561035156,931.999995231628,211,1537994170000,1537994170000_box,thornyhead rockfish

852,1124.00625133514,9.00625610351562,1250.99991893768,489.006225585938,1537994184737,1537994184737_box,Funiculina

855,250.006251335144,67.0062561035156,412.006266593933,290.993759155273,1537994197916,1537994197916_box,Umbellula lindahli

858,532.006251335144,64.0062561035156,682.006236076355,571.006225585938,1537994268803,1537994268803_box,Funiculina

859,810.006251335144,150.006256103516,1027.99373912811,373.993743896484,1537994282188,1537994282188_box,Chionoecetes tanneri

860,36.0062475204468,54.0062561035156,253.993735313416,277.993743896484,1537994291210,1537994291210_box,Chionoecetes tanneri

862,524.006251335144,114.006256103516,699.993708610535,301,1537994303446,1537994303446_box,Chionoecetes tanneri

864,794.006251335144,32.0062561035156,969.993739128113,372,1537994325616,1537994325616_box,Umbellula lindahli

867,62.0062437057495,137.006240844727,285.993731498718,365.999984741211,1537994337711,1537994337711_box,Chionoecetes tanneri

869,784.006251335144,71.0062561035156,1007.99373912811,300,1537994344567,1537994344567_box,Chionoecetes tanneri

870,784.006251335144,71.0062561035156,1007.99373912811,300,1537994405957,1537994405957_box,Chionoecetes tanneri

976,545.006251335144,70.0062561035156,690.993708610535,353.993743896484,1538002794874,1538002794874_box,Umbellula lindahli

977,403.006251335144,83.0062408447266,568.006236076355,272.006225585938,1538002815277,1538002815277_box,Chionoecetes tanneri

978,560.006251335144,21.0062561035156,675.993708610535,348.006225585938,1538002828352,1538002828352_box,Funiculina

979,572.006251335144,102.006256103516,677.999957084656,439.993743896484,1538002926207,1538002926207_box,Funiculina

980,631.006251335144,18.0062561035156,791.993739128113,136.000007629395,1538002945473,1538002945473_box,Chionoecetes tanneri

981,866.006251335144,0,1279,179.999984741211,1538003121413,1538003121413_box,Pleuronectinae

982,1039.00625133514,10.0062561035156,1222.0063123703,478.999969482422,1538003352397,1538003352397_box,Funiculina

983,1105.00625133514,339.006240844727,1223.00006389618,478.993728637695,1538003369031,1538003369031_box,Sebastidae

984,438.006251335144,118.006256103516,604.000025749207,413.993743896484,1538003388012,1538003388012_box,Umbellula lindahli

985,639.006251335144,134.006240844727,843.006236076355,347.999984741211,1538003401501,1538003401501_box,Chionoecetes tanneri

986,588.006251335144,36.0062561035156,715.993777275085,364.993743896484,1538003418745,1538003418745_box,Funiculina

987,780.006251335144,96.0062561035156,907.993746757507,231.006240844727,1538003432999,1538003432999_box,Actiniaria

988,1168.00625133514,27.0062561035156,1279,187,1538003456512,1538003456512_box,Chionoecetes tanneri

989,537.006251335144,49.0062561035156,651.006281852722,559.999969482422,1538003472362,1538003472362_box,Funiculina

990,605.006190299988,0,815.006175041199,214.987487792969,1538003485286,1538003485286_box,Chionoecetes tanneri

991,106.006251335144,84.0062561035156,316.006251335144,298.993743896484,1538003489844,1538003489844_box,Chionoecetes tanneri

992,609.006251335144,57.0062561035156,819.006236076355,271.993743896484,1538003499516,1538003499516_box,Chionoecetes tanneri

993,1066.00625133514,54.0062561035156,1207.00623607635,502.993743896484,1538003512915,1538003512915_box,Funiculina

994,394.006251335144,60.0062561035156,535.006236076355,508.993743896484,1538003524110,1538003524110_box,Funiculina

995,1117.00625133514,136.006256103516,1220.99381542206,401,1538003535496,1538003535496_box,Funiculina

996,972.006251335144,86.0062408447266,1174.99373912811,276.993728637695,1538003551715,1538003551715_box,Chionoecetes tanneri

997,771.006251335144,75.0062561035156,1017.00623607635,324.999984741211,1538003565303,1538003565303_box,Chionoecetes tanneri

998,255.006251335144,127.006256103516,501.006236076355,377.000015258789,1538003576877,1538003576877_box,Chionoecetes tanneri

999,0,75.0062561035156,167.999984741211,393.006225585938,1538003590271,1538003590271_box,Umbellula lindahli

1000,1020.00625133514,142.006256103516,1176.00623607635,409.006256103516,1538003609863,1538003609863_box,Funiculina

1001,101.00624370575,313.006271362305,218.006236076355,445.006256103516,1538003647465,1538003647465_box,Sebastidae

1002,7.00624752044678,51.0062561035156,178.999991416931,555.006256103516,1538003666150,1538003666150_box,Funiculina

1003,580.006251335144,97.0062561035156,767.993739128113,319.006256103516,1538003689870,1538003689870_box,Chionoecetes tanneri

1004,235.006236076355,108.006256103516,422.993739128113,403.993743896484,1538003704196,1538003704196_box,Umbellula lindahli

1005,427.006251335144,51.0062561035156,614.993739128113,211.993743896484,1538003715791,1538003715791_box,Chionoecetes tanneri

1006,300.006251335144,144.006256103516,399.999995231628,306.006240844727,1538003739810,1538003739810_box,Funiculina

1007,73.0062437057495,111.006256103516,172.999979972839,273.006240844727,1538003748672,1538003748672_box,Chionoecetes tanneri

1008,13.0062456130981,72.0062561035156,137.993725776672,196.993751525879,1538003765326,1538003765326_box,Actiniaria

1213,968.006251335144,108.006256103516,1169.99999523163,298,1538087427091,1538087427091_box,Chionoecetes tanneri

1214,995.006251335144,110.006240844727,1197.99373912811,324.993728637695,1538087453117,1538087453117_box,Chionoecetes tanneri

1215,422.006251335144,98.0062408447266,515.999995231628,314.006225585938,1538087508464,1538087508464_box,Funiculina

1216,681.006251335144,142.006256103516,861.999995231628,302.993759155273,1538087520643,1538087520643_box,Chionoecetes tanneri

1217,886.006251335144,107.006240844727,1072.99999523163,410.006210327148,1538087533735,1538087533735_box,Umbellula lindahli

1218,758.006190299988,86.0062408447266,890.006175041199,479.999954223633,1538087596170,1538087596170_box,Funiculina

1219,958.006190299988,49.0062561035156,1223.99373912811,275.993759155273,1538087611246,1538087611246_box,Chionoecetes tanneri

1220,815.006251335144,140.006240844727,899.00624370575,452.006210327148,1538087627191,1538087627191_box,Funiculina

1221,996.006251335144,38.0062561035156,1158.99999523163,200.006240844727,1538087636465,1538087636465_box,Chionoecetes tanneri

1222,1002.00625133514,42.0062561035156,1164.99999523163,265.993743896484,1538087651310,1538087651310_box,Umbellula lindahli

1223,820.006251335144,170.006271362305,916.999995231628,374.006240844727,1538087661221,1538087661221_box,Funiculina

1224,680.006190299988,8.00625610351562,782.999934196472,410.006225585938,1538087676911,1538087676911_box,Funiculina

1225,220.006236076355,336.006240844727,358.999995231628,490.993728637695,1538087693849,1538087693849_box,Chionoecetes tanneri

1226,220.006236076355,336.006240844727,358.999995231628,490.993728637695,1538087708134,1538087708134_box,Chionoecetes tanneri

1227,205.006251335144,91.0062561035156,422.993754386902,314.000015258789,1538087773518,1538087773518_box,Chionoecetes tanneri

1228,105.00624370575,55.0062561035156,370.993731498718,332.993743896484,1538087795131,1538087795131_box,Chionoecetes tanneri

1229,238.006236076355,106.006256103516,388.999995231628,266.993759155273,1538087812098,1538087812098_box,Chionoecetes tanneri

1230,0,112.006256103516,150.993743896484,272.993759155273,1538087824046,1538087824046_box,Chionoecetes tanneri

1231,359.006251335144,112.006256103516,482.00624370575,562.999969482422,1538087853330,1538087853330_box,Funiculina

1232,359.006251335144,112.006256103516,482.00624370575,562.999969482422,1538087870639,1538087870639_box,Funiculina

1233,837.006251335144,70.0062561035156,1173.99999523163,413.993743896484,1538087921474,1538087921474_box,Funiculina

1234,1040.00625133514,341.006240844727,1148.00624370575,612.993728637695,1538087939048,1538087939048_box,Funiculina

1235,69.0062665939331,83.0062408447266,247.993754386902,282.993728637695,1538087964586,1538087964586_box,Chionoecetes tanneri

1236,969.006251335144,104.006240844727,1122.00623607635,605.006210327148,1538092473664,1538092473664_box,Funiculina

1237,651.006251335144,74.0062561035156,804.999995231628,287.006240844727,1538092725450,1538092725450_box,thornyhead rockfish

1238,916.006190299988,144.006256103516,1117.99993419647,319.993743896484,1538092748806,1538092748806_box,Chionoecetes tanneri

1239,676.006251335144,57.0062561035156,799.00624370575,321.006225585938,1538092757514,1538092757514_box,Funiculina

1240,240.006251335144,95.0062408447266,364.000010490417,281.999984741211,1538092778103,1538092778103_box,Funiculina

1241,32.0062627792358,137.006240844727,156.00000667572,323.999984741211,1538092786877,1538092786877_box,Funiculina

1242,833.006251335144,116.006240844727,956.999995231628,302.999984741211,1538092795079,1538092795079_box,Funiculina

1243,974.006251335144,184.006240844727,1112.00623607635,431,1538092807638,1538092807638_box,Umbellula lindahli

1244,526.006251335144,43.0062561035156,664.006236076355,290.000015258789,1538092815722,1538092815722_box,Funiculina

1245,37.0062627792358,43.0062561035156,175.006262779236,212.000015258789,1538092829350,1538092829350_box,Chionoecetes tanneri

1246,270.006251335144,128.006240844727,475.000010490417,341.006225585938,1538093083809,1538093083809_box,Chionoecetes tanneri

1247,150.006251335144,19.0062561035156,292.993739128113,350.993743896484,1538093133495,1538093133495_box,Umbellula lindahli

1248,663.006251335144,114.006256103516,894.999979972839,325.993743896484,1538093151286,1538093151286_box,Chionoecetes tanneri

1249,1132.00625133514,134.006240844727,1279,404.006210327148,1538093168672,1538093168672_box,Umbellula lindahli

1384,212.006251335144,234.006240844727,399.993723869324,381.999984741211,1538587544055,1538587544055_box,Chionoecetes tanneri

1386,79,319,176,379,1538590031832,1538590031832_box,Rathbunaster californicus

