filename,width,height,class,xmin,ymin,xmax,ymax
100.png,1280,720,sebastidae,502,279,588,362
100.png,1280,720,sebastidae,1052,460,1153,595
100.png,1280,720,chionoecetes tanneri,1071,230,1253,352
100.png,1280,720,actiniaria,247,111,294,144
101.png,1280,720,gnathostomata,586,438,675,495
101.png,1280,720,chionoecetes tanneri,1007,149,1228,289
101.png,1280,720,strongylocentrotus cf. fragilis,1229,108,1280,180
101.png,1280,720,sebastidae,1025,389,1123,514
101.png,1280,720,sebastidae,479,203,576,300
101.png,1280,720,strongylocentrotus cf. fragilis,223,36,273,86
105.png,1280,720,chionoecetes tanneri,13,144,142,242
105.png,1280,720,rathbunaster californicus,590,323,648,368
105.png,1280,720,actiniaria,971,398,1033,449
105.png,1280,720,actiniaria,620,433,672,477
106.png,1280,720,actiniaria,66,582,172,680
107.png,1280,720,actiniaria,1156,57,1245,123
107.png,1280,720,rathbunaster californicus,691,1,763,31
107.png,1280,720,actiniaria,721,106,796,155
108.png,1280,720,rathbunaster californicus,709,98,782,154
108.png,1280,720,actiniaria,1161,171,1253,234
108.png,1280,720,actiniaria,748,223,812,271
110.png,1280,720,actiniaria,526,177,609,255
110.png,1280,720,actiniaria,464,177,512,218
110.png,1280,720,asteroidea,1071,465,1172,538
112.png,1280,720,actiniaria,1098,274,1167,333
113.png,1280,720,actiniaria,998,212,1128,339
114.png,1280,720,actiniaria,585,117,666,182
114.png,1280,720,actiniaria,2,95,194,260
116.png,1280,720,actiniaria,1131,77,1213,149
116.png,1280,720,actiniaria,1199,16,1280,123
117.png,1280,720,actiniaria,1,461,93,555
118.png,1280,720,actiniaria,667,160,894,338
120.png,1280,720,actiniaria,799,333,913,431
121.png,1280,720,actiniaria,13,209,164,320
121.png,1280,720,rathbunaster californicus,37,303,99,342
122.png,1280,720,actiniaria,1017,184,1172,292
122.png,1280,720,actiniaria,672,480,744,585
124.png,1280,720,umbellula lindahli,634,524,725,614
124.png,1280,720,actiniaria,117,335,166,374
125.png,1280,720,actiniaria,461,398,579,503
125.png,1280,720,actiniaria,1220,292,1280,354
125.png,1280,720,actiniaria,256,542,318,598
125.png,1280,720,actiniaria,386,419,447,457
126.png,1280,720,gnathostomata,464,311,556,497
127.png,1280,720,gnathostomata,301,117,381,150
128.png,1280,720,octopoda,512,386,602,462
129.png,1280,720,gnathostomata,467,188,556,300
130.png,1280,720,pleuronectiformes,817,297,1084,367
131.png,1280,720,pleuronectiformes,837,652,1119,720
132.png,1280,720,pleuronectiformes,325,189,545,268
132.png,1280,720,pleuronectiformes,769,292,971,381
132.png,1280,720,pleuronectiformes,1009,219,1101,394
134.png,1280,720,pleuronectiformes,1018,221,1112,382
134.png,1280,720,pleuronectiformes,767,295,971,373
134.png,1280,720,pleuronectiformes,312,186,525,259
135.png,1280,720,gnathostomata,1242,101,1280,205
136.png,1280,720,gnathostomata,537,178,606,308
137.png,1280,720,sea cucumber,678,419,953,576
138.png,1280,720,pleuronectiformes,107,105,299,167
138.png,1280,720,octopoda,358,448,437,505
139.png,1280,720,octopoda,179,133,298,217
140.png,1280,720,octopoda,129,387,253,489
140.png,1280,720,pleuronectiformes,279,178,490,262
141.png,1280,720,octopoda,796,109,866,181
142.png,1280,720,octopoda,875,370,972,455
142.png,1280,720,funiculina,333,643,476,720
142.png,1280,720,funiculina,664,413,802,505
142.png,1280,720,pleuronectiformes,99,497,158,595
144.png,1280,720,octopoda,183,206,285,297
145.png,1280,720,rathbunaster californicus,664,98,991,357
145.png,1280,720,octopoda,932,1,998,74
146.png,1280,720,rathbunaster californicus,639,290,972,565
146.png,1280,720,octopoda,904,182,996,274
147.png,1280,720,pleuronectiformes,1148,1,1280,108
150.png,1280,720,rathbunaster californicus,336,71,612,282
150.png,1280,720,pleuronectiformes,61,435,286,517
151.png,1280,720,rathbunaster californicus,572,33,888,257
152.png,1280,720,sea cucumber,572,19,761,265
153.png,1280,720,sea cucumber,252,509,423,720
153.png,1280,720,rathbunaster californicus,1071,246,1280,470
1537835589399.png,1279,719,rathbunaster californicus,998,321,1279,658
1537835875009.png,1279,719,rathbunaster californicus,1,427,308,704
1537835875009.png,1279,719,rathbunaster californicus,160,25,432,240
1537835898747.png,1279,719,rathbunaster californicus,1,1,141,167
1537899159107.png,1279,719,bigfin eelpout,95,394,214,565
1537899159107.png,1279,719,rathbunaster californicus,1,3,190,121
1537899172788.png,1279,719,rathbunaster californicus,897,281,1230,538
1537899233258.png,1279,719,rathbunaster californicus,217,11,452,176
1537899233258.png,1279,719,rathbunaster californicus,1171,608,1278,719
1537899251071.png,1279,719,rathbunaster californicus,1027,290,1279,512
1537899268358.png,1279,719,rathbunaster californicus,385,141,665,378
1537899342284.png,1279,719,octopoda,1,5,74,135
1537899496370.png,1279,719,octopoda,573,33,711,144
1537899527035.png,1279,719,rathbunaster californicus,1,26,362,309
1537899527035.png,1279,719,octopoda,297,479,425,625
1537899609650.png,1279,719,octopoda,314,49,636,311
1537899647578.png,1279,719,octopoda,589,11,871,238
1537900857021.png,1279,719,gnathostomata,354,346,462,405
1537900857021.png,1279,719,rathbunaster californicus,9,1,366,263
1537900873089.png,1279,719,rathbunaster californicus,1,137,266,408
1537900873089.png,1279,719,octopoda,71,73,181,149
1537900873089.png,1279,719,gnathostomata,266,513,365,576
1537902546091.png,1279,719,rathbunaster californicus,87,119,427,400
1537902546091.png,1279,719,sebastidae,1198,259,1266,371
1537902546091.png,1279,719,gnathostomata,890,327,1032,521
1537902546091.png,1279,719,actiniaria,641,649,804,719
1537902594342.png,1279,719,rathbunaster californicus,239,140,592,406
1537902594342.png,1279,719,rathbunaster californicus,1,597,78,714
1537902615891.png,1279,719,rathbunaster californicus,89,27,458,292
1537902615891.png,1279,719,rathbunaster californicus,1,163,25,257
1537902851583.png,1279,719,pleuronectiformes,993,116,1143,325
1537902872581.png,1279,719,rathbunaster californicus,555,1,968,295
1537902912565.png,1279,719,rathbunaster californicus,282,40,489,252
1537902963374.png,1279,719,sea cucumber,12,1,210,203
1537912188916.png,1279,719,sebastidae,736,209,841,343
1537912188916.png,1279,719,chionoecetes tanneri,1097,60,1238,225
1537912188916.png,1279,719,umbellula lindahli,1,225,232,389
1537912188916.png,1279,719,chionoecetes tanneri,1,17,119,173
1537912220495.png,1279,719,sebastidae,738,207,838,349
1537912220495.png,1279,719,chionoecetes tanneri,1098,57,1241,219
1537912220495.png,1279,719,chionoecetes tanneri,1,20,128,169
1537912220495.png,1279,719,umbellula lindahli,8,215,254,380
1537912220495.png,1279,719,umbellula lindahli,368,380,446,430
1537912248585.png,1279,719,sebastidae,739,209,836,341
1537912248585.png,1279,719,chionoecetes tanneri,1092,55,1236,219
1537912248585.png,1279,719,umbellula lindahli,1,216,241,385
1537912248585.png,1279,719,chionoecetes tanneri,1,16,116,174
1537912373963.png,1279,719,funiculina,484,127,687,190
1537912373963.png,1279,719,funiculina,871,93,1105,190
1537912373963.png,1279,719,funiculina,143,211,235,249
1537912471724.png,1279,719,chionoecetes tanneri,65,76,246,195
1537912471724.png,1279,719,chionoecetes tanneri,1182,423,1279,528
1537912502421.png,1279,719,chionoecetes tanneri,1,382,214,544
1537912502421.png,1279,719,funiculina,1,129,193,180
1537912661233.png,1279,719,chionoecetes tanneri,568,55,800,222
1537912661233.png,1279,719,chionoecetes tanneri,1,1,165,87
1537912735458.png,1279,719,chionoecetes tanneri,908,301,1114,506
1537912735458.png,1279,719,chionoecetes tanneri,374,1,517,63
1537912753193.png,1279,719,chionoecetes tanneri,474,252,627,379
1537912753193.png,1279,719,sebastidae,1,123,98,209
1537912814826.png,1279,719,chionoecetes tanneri,4,1,260,195
1537912814826.png,1279,719,chionoecetes tanneri,436,528,600,671
1537912956261.png,1279,719,chionoecetes tanneri,27,82,247,234
1537912977298.png,1279,719,chionoecetes tanneri,1,428,203,629
1537912977298.png,1279,719,chionoecetes tanneri,271,54,435,207
1537912999853.png,1279,719,chionoecetes tanneri,246,584,450,719
1537912999853.png,1279,719,funiculina,522,174,592,231
1537913041778.png,1279,719,funiculina,285,65,571,184
1537913054568.png,1279,719,funiculina,268,604,573,674
1537913054568.png,1279,719,chionoecetes tanneri,622,79,763,190
1537913069868.png,1279,719,funiculina,455,87,658,166
1537913069868.png,1279,719,chionoecetes tanneri,587,288,765,390
1537913081877.png,1279,719,funiculina,833,90,938,180
1537913081877.png,1279,719,funiculina,441,587,628,641
1537913105302.png,1279,719,umbellula lindahli,836,90,1014,206
1537913169774.png,1279,719,chionoecetes tanneri,627,73,803,231
1537913187391.png,1279,719,chionoecetes tanneri,636,542,819,709
1537913187391.png,1279,719,funiculina,1171,165,1279,220
1537913187391.png,1279,719,funiculina,324,54,395,85
1537913211812.png,1279,719,chionoecetes tanneri,1036,103,1214,222
1537913211812.png,1279,719,funiculina,966,14,1139,84
1537913211812.png,1279,719,eptatretus stoutii,452,30,1025,142
1537913246817.png,1279,719,eptatretus stoutii,457,52,1025,176
1537913246817.png,1279,719,chionoecetes tanneri,1025,112,1236,246
1537913246817.png,1279,719,funiculina,1008,36,1144,100
1537913260885.png,1279,719,eptatretus stoutii,487,220,1122,417
1537913260885.png,1279,719,chionoecetes tanneri,1025,258,1236,396
1537913260885.png,1279,719,funiculina,984,176,1143,244
1537913279461.png,1279,719,chionoecetes tanneri,622,111,751,203
1537913548850.png,1279,719,umbellula lindahli,293,82,557,185
1537913548850.png,1279,719,chionoecetes tanneri,749,47,938,212
1537913548850.png,1279,719,pleuronectiformes,298,423,870,676
1537913563644.png,1279,719,umbellula lindahli,297,59,547,205
1537913563644.png,1279,719,chionoecetes tanneri,765,51,944,205
1537913563644.png,1279,719,pleuronectiformes,298,411,876,698
1537913609746.png,1279,719,chionoecetes tanneri,52,98,254,266
1537913630352.png,1279,719,funiculina,1,89,289,154
1537913650905.png,1279,719,funiculina,974,174,1098,222
1537913650905.png,1279,719,umbellula lindahli,795,1,921,65
1537913696615.png,1279,719,chionoecetes tanneri,439,141,614,315
1537913712597.png,1279,719,chionoecetes tanneri,222,141,382,244
1537913712597.png,1279,719,umbellula lindahli,765,1,1033,133
1537913712597.png,1279,719,funiculina,957,160,1166,231
1537913712597.png,1279,719,funiculina,781,466,863,500
1537913732041.png,1279,719,umbellula lindahli,773,1,1006,133
1537913732041.png,1279,719,funiculina,984,155,1165,227
1537913732041.png,1279,719,chionoecetes tanneri,217,151,408,260
1537913732041.png,1279,719,funiculina,790,476,857,497
1537913742359.png,1279,719,chionoecetes tanneri,214,144,389,261
1537913742359.png,1279,719,umbellula lindahli,768,1,993,131
1537913742359.png,1279,719,funiculina,965,155,1184,231
1537913742359.png,1279,719,funiculina,793,466,866,498
1537913756141.png,1279,719,chionoecetes tanneri,582,47,809,201
1537913756141.png,1279,719,funiculina,908,641,1080,719
1537913765184.png,1279,719,chionoecetes tanneri,549,438,819,577
1537913765184.png,1279,719,funiculina,222,66,500,192
1537913765184.png,1279,719,funiculina,1,39,198,93
1537913817055.png,1279,719,umbellula lindahli,728,94,914,246
1537913840321.png,1279,719,funiculina,874,238,1100,295
1537913840321.png,1279,719,umbellula lindahli,697,544,951,719
1537913858055.png,1279,719,funiculina,179,79,571,228
1537913858055.png,1279,719,funiculina,930,163,1046,307
1537913868916.png,1279,719,chionoecetes tanneri,409,128,562,298
1537913868916.png,1279,719,funiculina,1063,644,1094,719
1537913868916.png,1279,719,funiculina,171,566,605,693
1537913891553.png,1279,719,chionoecetes tanneri,1,77,178,237
1537913914765.png,1279,719,umbellula lindahli,871,136,1089,225
1537913914765.png,1279,719,chionoecetes tanneri,728,1,843,60
1537913924799.png,1279,719,chionoecetes tanneri,706,87,914,241
1537913924799.png,1279,719,umbellula lindahli,876,323,1098,422
1537914437994.png,1279,719,funiculina,1,144,262,201
1537914460523.png,1279,719,funiculina,1044,128,1155,184
1537914524864.png,1279,719,umbellula lindahli,939,101,1098,197
1537914570405.png,1279,719,umbellula lindahli,985,116,1176,192
1537914587767.png,1279,719,umbellula lindahli,98,354,379,459
1537914587767.png,1279,719,chionoecetes tanneri,765,1,911,57
1537914597995.png,1279,719,chionoecetes tanneri,792,61,960,169
1537914597995.png,1279,719,umbellula lindahli,62,473,365,595
1537914633422.png,1279,719,pleuronectiformes,1,522,192,717
1537914652508.png,1279,719,funiculina,632,101,1024,176
1537914663567.png,1279,719,funiculina,576,77,868,157
1537914663567.png,1279,719,funiculina,1,329,89,384
1537914678749.png,1279,719,funiculina,36,177,205,279
1537914690846.png,1279,719,funiculina,216,84,376,117
1537914690846.png,1279,719,funiculina,1044,301,1127,350
1537914714489.png,1279,719,chionoecetes tanneri,462,87,660,173
1537914725328.png,1279,719,actiniaria,305,36,376,112
1537914725328.png,1279,719,funiculina,908,103,1208,180
1537914741956.png,1279,719,actiniaria,295,154,363,206
1537914741956.png,1279,719,funiculina,903,204,1220,298
1537914741956.png,1279,719,funiculina,52,12,287,80
1537914752877.png,1279,719,funiculina,914,204,1211,280
1537914752877.png,1279,719,funiculina,54,15,289,74
1537914752877.png,1279,719,actiniaria,303,147,358,219
1537914766966.png,1279,719,umbellula lindahli,555,111,782,230
1537914766966.png,1279,719,funiculina,1,604,200,663
1537914781523.png,1279,719,umbellula lindahli,900,149,1141,262
1537914849700.png,1279,719,funiculina,155,76,519,225
1537914849700.png,1279,719,umbellula lindahli,909,377,1155,482
1537914865393.png,1279,719,funiculina,111,624,489,719
1537914865393.png,1279,719,umbellula lindahli,1,79,184,208
1537914865393.png,1279,719,actiniaria,373,33,443,98
1537914884090.png,1279,719,actiniaria,362,25,447,100
1537914884090.png,1279,719,funiculina,1,95,220,173
1537914884090.png,1279,719,funiculina,98,625,518,719
1537914909259.png,1279,719,chionoecetes tanneri,319,77,462,179
1537914909259.png,1279,719,actiniaria,335,334,408,411
1537914909259.png,1279,719,funiculina,1,434,141,492
1537914922662.png,1279,719,chionoecetes tanneri,439,69,616,176
1537914946258.png,1279,719,chionoecetes tanneri,420,434,616,557
1537914946258.png,1279,719,chionoecetes tanneri,449,44,703,198
1537914963164.png,1279,719,funiculina,441,131,573,217
1537914974860.png,1279,719,funiculina,422,281,562,359
1537914974860.png,1279,719,umbellula lindahli,297,119,451,190
1537915020052.png,1279,719,umbellula lindahli,284,268,462,343
1537915020052.png,1279,719,funiculina,409,443,563,516
1537915020052.png,1279,719,umbellula lindahli,1152,81,1279,137
1537915032355.png,1279,719,umbellula lindahli,535,71,787,194
1537915032355.png,1279,719,umbellula lindahli,1185,453,1279,516
1537915032355.png,1279,719,umbellula lindahli,254,660,416,719
1537915032355.png,1279,719,umbellula lindahli,1189,58,1279,159
1537915042927.png,1279,719,funiculina,839,198,939,274
1537915061977.png,1279,719,funiculina,787,98,1176,239
1537915061977.png,1279,719,actiniaria,185,139,238,187
1537915073638.png,1279,719,funiculina,674,80,973,217
1537915779226.png,1279,719,umbellula lindahli,895,246,1058,327
1537915792784.png,1279,719,umbellula lindahli,920,530,1084,590
1537915792784.png,1279,719,funiculina,1114,133,1279,247
1537915819393.png,1279,719,umbellula lindahli,978,100,1214,211
1537915836323.png,1279,719,umbellula lindahli,358,101,546,182
1537915836323.png,1279,719,chionoecetes tanneri,255,146,332,211
1537916139705.png,1279,719,chionoecetes tanneri,1160,252,1278,325
1537916156468.png,1279,719,umbellula lindahli,765,106,973,251
1537916179146.png,1279,719,chionoecetes tanneri,292,1,552,122
1537916179146.png,1279,719,umbellula lindahli,747,415,989,561
1537916179146.png,1279,719,funiculina,1133,209,1279,277
1537916228596.png,1279,719,chionoecetes tanneri,281,50,539,201
1537916228596.png,1279,719,umbellula lindahli,778,539,990,673
1537916228596.png,1279,719,funiculina,1147,334,1279,389
1537916243486.png,1279,719,chionoecetes tanneri,25,438,333,605
1537916243486.png,1279,719,funiculina,481,124,685,206
1537916261659.png,1279,719,chionoecetes tanneri,1136,97,1279,217
1537916287253.png,1279,719,funiculina,316,94,539,184
1537916287253.png,1279,719,chionoecetes tanneri,1135,479,1279,625
1537916301694.png,1279,719,umbellula lindahli,906,135,1101,232
1537917021212.png,1279,719,funiculina,479,76,893,211
1537917021212.png,1279,719,funiculina,381,3,744,138
1537917021212.png,1279,719,funiculina,1,416,81,457
1537917048872.png,1279,719,funiculina,535,644,753,719
1537917048872.png,1279,719,funiculina,333,136,449,198
1537917121731.png,1279,719,actiniaria,838,71,993,196
1537917154661.png,1279,719,actiniaria,838,346,982,466
1537917154661.png,1279,719,actiniaria,198,112,327,195
1537917192707.png,1279,719,actiniaria,170,278,266,371
1537917192707.png,1279,719,actiniaria,838,521,979,659
1537917192707.png,1279,719,funiculina,660,114,933,216
1537917210394.png,1279,719,umbellula lindahli,551,111,717,203
1537917224405.png,1279,719,umbellula lindahli,95,78,376,238
1537917224405.png,1279,719,funiculina,962,1,1012,71
1537917253792.png,1279,719,umbellula lindahli,63,271,370,422
1537917253792.png,1279,719,funiculina,900,133,1022,265
1537917281516.png,1279,719,umbellula lindahli,662,43,892,214
1537917298372.png,1279,719,chionoecetes tanneri,870,66,1136,304
1537917298372.png,1279,719,umbellula lindahli,632,468,906,663
1537917339170.png,1279,719,chionoecetes tanneri,838,494,1090,719
1537917339170.png,1279,719,umbellula lindahli,1035,109,1249,267
1537917352595.png,1279,719,umbellula lindahli,1027,587,1279,713
1537917352595.png,1279,719,funiculina,1122,84,1263,184
1537917380445.png,1279,719,funiculina,187,86,549,217
1537917447499.png,1279,719,umbellula lindahli,1071,100,1279,249
1537917447499.png,1279,719,funiculina,1,463,160,611
1537917489212.png,1279,719,funiculina,1,144,316,251
1537917512858.png,1279,719,funiculina,1,122,306,213
1537917630438.png,1279,719,funiculina,509,111,860,219
1537917663577.png,1279,719,funiculina,495,521,887,614
1537917663577.png,1279,719,funiculina,219,100,355,198
1537917663577.png,1279,719,funiculina,484,1,678,30
1537918507166.png,1279,719,funiculina,306,117,660,176
1537918507166.png,1279,719,funiculina,176,235,352,348
1537918524821.png,1279,719,funiculina,306,638,636,719
1537918607063.png,1279,719,umbellula lindahli,324,48,535,203
1537919038741.png,1279,719,sebastidae,363,127,509,219
1537919038741.png,1279,719,actiniaria,600,51,732,162
1537919038741.png,1279,719,actiniaria,149,40,212,92
1537919053825.png,1279,719,funiculina,332,216,401,255
1537919479576.png,1279,719,funiculina,884,232,1033,365
1537919515013.png,1279,719,actiniaria,1151,73,1276,165
1537919515013.png,1279,719,funiculina,922,566,1079,688
1537919528560.png,1279,719,umbellula lindahli,92,117,354,273
1537919565062.png,1279,719,funiculina,836,351,933,446
1537919565062.png,1279,719,actiniaria,202,1,358,122
1537919580364.png,1279,719,actiniaria,190,133,339,254
1537919580364.png,1279,719,funiculina,855,554,944,619
1537919604995.png,1279,719,funiculina,1082,112,1279,180
1537919604995.png,1279,719,funiculina,1,174,87,238
1537919635620.png,1279,719,funiculina,993,87,1122,170
1537919701183.png,1279,719,umbellula lindahli,897,92,1120,206
1537919701183.png,1279,719,chionoecetes tanneri,701,640,837,719
1537919713750.png,1279,719,funiculina,332,114,489,186
1537919738657.png,1279,719,actiniaria,68,74,174,155
1537919776877.png,1279,719,chionoecetes tanneri,532,85,774,327
1537919811101.png,1279,719,umbellula lindahli,914,1,1095,209
1537919867747.png,1279,719,umbellula lindahli,962,82,1062,374
1537919918389.png,1279,719,funiculina,652,59,716,294
1537919918389.png,1279,719,funiculina,265,113,312,394
1537919938403.png,1279,719,chionoecetes tanneri,579,157,679,269
1537919938403.png,1279,719,actiniaria,493,125,585,207
1537919938403.png,1279,719,chionoecetes tanneri,1130,85,1243,214
1537919938403.png,1279,719,funiculina,685,652,712,719
1537919938403.png,1279,719,funiculina,46,95,73,434
1537919938403.png,1279,719,funiculina,1130,1,1147,82
1537919955751.png,1279,719,chionoecetes tanneri,579,428,660,560
1537919955751.png,1279,719,actiniaria,493,390,589,495
1537919955751.png,1279,719,chionoecetes tanneri,1170,363,1279,501
1537919955751.png,1279,719,umbellula lindahli,1144,130,1224,357
1537919955751.png,1279,719,funiculina,6,394,38,719
1537919963381.png,1279,719,funiculina,784,181,833,354
1537919963381.png,1279,719,umbellula lindahli,1198,501,1270,719
1537919976592.png,1279,719,umbellula lindahli,219,1,304,200
1537919976592.png,1279,719,funiculina,1182,5,1279,365
1537919988418.png,1279,719,umbellula lindahli,216,30,305,255
1537919988418.png,1279,719,funiculina,1190,46,1279,425
1537920002906.png,1279,719,umbellula lindahli,168,511,265,719
1537920002906.png,1279,719,umbellula lindahli,127,74,241,319
1537920019740.png,1279,719,funiculina,733,30,800,495
1537920019740.png,1279,719,funiculina,1093,1,1141,95
1537920030165.png,1279,719,funiculina,736,481,805,719
1537920030165.png,1279,719,funiculina,1109,146,1171,509
1537920030165.png,1279,719,funiculina,1042,1,1082,105
1537920045511.png,1279,719,funiculina,1155,357,1207,719
1537920045511.png,1279,719,umbellula lindahli,1073,136,1112,289
1537920092548.png,1279,719,funiculina,216,86,330,424
1537989469415.png,1279,719,chionoecetes tanneri,795,160,947,385
1537989491027.png,1279,719,funiculina,1049,36,1100,262
1537989491027.png,1279,719,funiculina,1006,268,1278,349
1537989517959.png,1279,719,chionoecetes tanneri,816,223,885,315
1537989517959.png,1279,719,funiculina,1006,166,1262,241
1537989517959.png,1279,719,funiculina,1039,1,1073,144
1537989535716.png,1279,719,umbellula lindahli,795,81,889,281
1537989535716.png,1279,719,funiculina,1146,74,1178,174
1537989535716.png,1279,719,funiculina,1135,513,1188,719
1537989535716.png,1279,719,funiculina,970,660,1153,719
1537989547947.png,1279,719,umbellula lindahli,793,87,898,274
1537989547947.png,1279,719,funiculina,1132,535,1186,719
1537989547947.png,1279,719,funiculina,989,665,1128,719
1537989547947.png,1279,719,funiculina,1133,92,1178,181
1537989585173.png,1279,719,actiniaria,532,93,678,212
1537989684357.png,1279,719,funiculina,1054,63,1135,351
1537989694305.png,1279,719,funiculina,1046,63,1132,360
1537989694305.png,1279,719,octopoda,1063,261,1136,342
1537989694305.png,1279,719,actiniaria,536,672,664,719
1537989728140.png,1279,719,funiculina,139,81,195,313
1537989755823.png,1279,719,funiculina,162,82,265,416
1537989755823.png,1279,719,funiculina,1063,60,1190,486
1537989781196.png,1279,719,funiculina,319,70,473,511
1537989781196.png,1279,719,funiculina,606,1,666,82
1537989781196.png,1279,719,funiculina,820,1,882,121
1537989789055.png,1279,719,funiculina,565,67,684,448
1537989789055.png,1279,719,funiculina,833,230,924,495
1537989789055.png,1279,719,funiculina,332,463,440,719
1537989789055.png,1279,719,funiculina,111,1,182,321
1537989789055.png,1279,719,funiculina,67,1,182,257
1537989807345.png,1279,719,funiculina,585,301,706,698
1537989807345.png,1279,719,funiculina,871,500,951,719
1537989807345.png,1279,719,funiculina,65,90,157,563
1537989807345.png,1279,719,funiculina,27,159,178,481
1537989839619.png,1279,719,funiculina,620,100,712,413
1537989839619.png,1279,719,funiculina,134,1,212,265
1537989879477.png,1279,719,chionoecetes tanneri,230,130,346,244
1537989879477.png,1279,719,funiculina,85,582,144,719
1537989914786.png,1279,719,funiculina,85,100,158,330
1537989939629.png,1279,719,actiniaria,790,119,925,230
1537989939629.png,1279,719,funiculina,26,549,114,719
1537989955153.png,1279,719,funiculina,512,116,612,371
1537989955153.png,1279,719,funiculina,435,1,514,301
1537989964209.png,1279,719,funiculina,424,173,511,544
1537989964209.png,1279,719,funiculina,532,360,639,630
1537989980214.png,1279,719,funiculina,709,1,778,541
1537989980214.png,1279,719,funiculina,760,103,811,490
1537990018427.png,1279,719,funiculina,706,614,746,719
1537990018427.png,1279,719,umbellula lindahli,849,101,935,328
1537990045371.png,1279,719,funiculina,241,113,293,492
1537990045371.png,1279,719,actiniaria,1015,1,1136,87
1537990082839.png,1279,719,actiniaria,1055,180,1170,290
1537990082839.png,1279,719,funiculina,220,360,294,719
1537990097669.png,1279,719,actiniaria,487,133,557,206
1537990097669.png,1279,719,actiniaria,1082,460,1227,592
1537990113357.png,1279,719,funiculina,500,113,570,327
1537990113357.png,1279,719,funiculina,1033,33,1062,252
1537990113357.png,1279,719,funiculina,516,1,553,124
1537990113357.png,1279,719,chionoecetes tanneri,114,43,332,232
1537990137683.png,1279,719,funiculina,497,115,557,323
1537990137683.png,1279,719,funiculina,1019,36,1070,247
1537990137683.png,1279,719,funiculina,514,1,563,128
1537990137683.png,1279,719,chionoecetes tanneri,119,46,339,225
1537990156903.png,1279,719,funiculina,506,535,557,719
1537990156903.png,1279,719,funiculina,1071,440,1165,686
1537990156903.png,1279,719,funiculina,501,55,578,527
1537990156903.png,1279,719,chionoecetes tanneri,89,440,322,644
1537990177853.png,1279,719,umbellula lindahli,638,40,766,308
1537990177853.png,1279,719,funiculina,516,481,560,719
1537990177853.png,1279,719,chionoecetes tanneri,725,1,846,59
1537991256396.png,1279,719,chionoecetes tanneri,689,127,854,288
1537991256396.png,1279,719,umbellula lindahli,657,265,763,569
1537991267248.png,1279,719,chionoecetes tanneri,736,586,911,714
1537991267248.png,1279,719,funiculina,44,121,108,344
1537991279265.png,1279,719,chionoecetes tanneri,209,85,336,266
1537991371577.png,1279,719,funiculina,536,441,581,644
1537991371577.png,1279,719,funiculina,474,5,535,430
1537991371577.png,1279,719,funiculina,1071,28,1160,565
1537991371577.png,1279,719,chionoecetes tanneri,182,97,358,235
1537991409845.png,1279,719,funiculina,470,46,544,592
1537991409845.png,1279,719,funiculina,1130,168,1171,711
1537991409845.png,1279,719,funiculina,546,617,588,719
1537991409845.png,1279,719,chionoecetes tanneri,176,219,368,381
1537991453036.png,1279,719,chionoecetes tanneri,517,112,632,284
1537991453036.png,1279,719,funiculina,481,647,532,717
1537991501157.png,1279,719,umbellula lindahli,735,267,851,460
1537991527492.png,1279,719,funiculina,600,114,727,411
1537991699773.png,1279,719,funiculina,582,113,662,397
1537991728625.png,1279,719,funiculina,170,160,244,435
1537991728625.png,1279,719,funiculina,222,119,297,454
1537991828606.png,1279,719,chionoecetes tanneri,305,176,401,272
1537991828606.png,1279,719,funiculina,206,601,235,719
1537991828606.png,1279,719,funiculina,254,1,296,105
1537991857499.png,1279,719,umbellula lindahli,239,94,382,368
1537991857499.png,1279,719,funiculina,532,1,612,159
1537991857499.png,1279,719,chionoecetes tanneri,289,421,403,535
1537991871823.png,1279,719,funiculina,519,62,717,538
1537991871823.png,1279,719,umbellula lindahli,188,448,368,719
1537991900023.png,1279,719,funiculina,184,108,233,286
1537991926026.png,1279,719,umbellula lindahli,1168,14,1273,265
1537991946991.png,1279,719,funiculina,682,103,766,625
1537991962789.png,1279,719,actiniaria,717,209,809,292
1537991962789.png,1279,719,funiculina,776,506,824,719
1537991962789.png,1279,719,funiculina,1195,168,1232,284
1537991969796.png,1279,719,funiculina,755,498,827,719
1537991969796.png,1279,719,actiniaria,728,206,795,290
1537991969796.png,1279,719,funiculina,1189,155,1228,278
1537991983204.png,1279,719,funiculina,120,160,157,243
1537992119264.png,1279,719,umbellula lindahli,339,92,452,290
1537992144424.png,1279,719,umbellula lindahli,312,444,420,649
1537992144424.png,1279,719,funiculina,670,60,741,243
1537992144424.png,1279,719,funiculina,1092,203,1149,327
1537992161000.png,1279,719,funiculina,681,474,768,659
1537992161000.png,1279,719,funiculina,785,119,860,374
1537992186411.png,1279,719,chionoecetes tanneri,1144,58,1270,217
1537992230164.png,1279,719,chionoecetes tanneri,1058,49,1195,171
1537992257279.png,1279,719,umbellula lindahli,876,49,978,325
1537992279535.png,1279,719,umbellula lindahli,293,73,371,254
1537992294336.png,1279,719,chionoecetes tanneri,490,77,630,225
1537992294336.png,1279,719,actiniaria,74,140,112,201
1537992315219.png,1279,719,funiculina,22,11,132,519
1537992315219.png,1279,719,funiculina,149,49,197,184
1537992378539.png,1279,719,funiculina,128,352,187,522
1537992378539.png,1279,719,funiculina,6,363,52,719
1537992378539.png,1279,719,funiculina,3,1,35,174
1537992481861.png,1279,719,umbellula lindahli,33,48,144,271
1537992504527.png,1279,719,chionoecetes tanneri,501,19,682,185
1537992529669.png,1279,719,chionoecetes tanneri,912,206,1066,363
1537992726553.png,1279,719,funiculina,654,86,708,576
1537992817288.png,1279,719,funiculina,454,89,503,357
1537992828422.png,1279,719,funiculina,662,63,716,401
1537992828422.png,1279,719,funiculina,1163,1,1212,168
1537992841059.png,1279,719,funiculina,665,460,722,719
1537992841059.png,1279,719,funiculina,1185,38,1258,552
1537992841059.png,1279,719,chionoecetes tanneri,465,1,637,116
1537992872833.png,1279,719,chionoecetes tanneri,498,195,628,331
1537992889517.png,1279,719,funiculina,517,111,582,373
1537993213471.png,1279,719,chionoecetes tanneri,870,252,985,392
1537993310133.png,1279,719,chionoecetes tanneri,665,68,822,247
1537993310133.png,1279,719,chionoecetes tanneri,287,546,421,719
1537993323165.png,1279,719,chionoecetes tanneri,643,41,755,196
1537993333265.png,1279,719,chionoecetes tanneri,478,71,570,223
1537993436855.png,1279,719,funiculina,1020,92,1074,270
1537993454977.png,1279,719,funiculina,1,3,46,221
1537993461258.png,1279,719,funiculina,1,4,46,298
1537993478684.png,1279,719,chionoecetes tanneri,132,41,285,231
1537993478684.png,1279,719,funiculina,1078,398,1117,571
1537993524687.png,1279,719,chionoecetes tanneri,144,49,289,234
1537993601265.png,1279,719,funiculina,519,90,584,571
1537993601265.png,1279,719,funiculina,358,87,422,298
1537993601265.png,1279,719,chionoecetes tanneri,648,1,746,84
1537994120555.png,1279,719,chionoecetes tanneri,646,136,763,300
1537994120555.png,1279,719,sebastidae,830,63,897,190
1537994120555.png,1279,719,funiculina,1103,1,1160,179
1537994120555.png,1279,719,funiculina,527,334,590,719
1537994120555.png,1279,719,funiculina,362,306,408,515
1537994170000.png,1279,719,funiculina,524,333,583,719
1537994170000.png,1279,719,funiculina,368,308,416,514
1537994170000.png,1279,719,funiculina,1109,1,1160,179
1537994170000.png,1279,719,chionoecetes tanneri,662,168,757,306
1537994170000.png,1279,719,sebastidae,824,60,905,190
1537994184737.png,1279,719,funiculina,1162,21,1209,467
1537994184737.png,1279,719,chionoecetes tanneri,690,438,806,603
1537994184737.png,1279,719,sebastidae,870,332,952,482
1537994184737.png,1279,719,funiculina,268,73,393,276
1537994184737.png,1279,719,funiculina,392,641,426,719
1537994184737.png,1279,719,funiculina,566,695,586,719
1537994197916.png,1279,719,sebastidae,874,340,947,481
1537994197916.png,1279,719,chionoecetes tanneri,681,440,811,592
1537994197916.png,1279,719,funiculina,1163,25,1211,474
1537994197916.png,1279,719,funiculina,271,78,382,265
1537994197916.png,1279,719,umbellula lindahli,1,241,73,400
1537994268803.png,1279,719,funiculina,576,84,657,532
1537994282188.png,1279,719,chionoecetes tanneri,833,152,989,361
1537994291210.png,1279,719,chionoecetes tanneri,90,85,233,244
1537994291210.png,1279,719,chionoecetes tanneri,806,652,927,719
1537994303446.png,1279,719,chionoecetes tanneri,555,128,685,290
1537994325616.png,1279,719,umbellula lindahli,854,79,954,313
1537994325616.png,1279,719,chionoecetes tanneri,112,1,251,108
1537994337711.png,1279,719,umbellula lindahli,860,319,1006,569
1537994337711.png,1279,719,chionoecetes tanneri,808,1,989,107
1537994337711.png,1279,719,chionoecetes tanneri,85,150,252,342
1537994344567.png,1279,719,chionoecetes tanneri,79,309,244,511
1537994344567.png,1279,719,chionoecetes tanneri,846,111,987,279
1537994344567.png,1279,719,umbellula lindahli,878,506,1003,719
1538002794874.png,1279,719,umbellula lindahli,585,78,685,306
1538002815277.png,1279,719,chionoecetes tanneri,420,96,563,261
1538002815277.png,1279,719,umbellula lindahli,578,331,711,566
1538002828352.png,1279,719,funiculina,584,35,665,321
1538002828352.png,1279,719,chionoecetes tanneri,424,524,576,719
1538002828352.png,1279,719,funiculina,132,1,211,319
1538002926207.png,1279,719,funiculina,587,119,674,401
1538002926207.png,1279,719,funiculina,132,70,193,424
1538002926207.png,1279,719,chionoecetes tanneri,444,628,570,719
1538002926207.png,1279,719,chionoecetes tanneri,657,21,801,143
1538002945473.png,1279,719,funiculina,590,111,682,415
1538002945473.png,1279,719,funiculina,136,74,203,415
1538002945473.png,1279,719,chionoecetes tanneri,641,17,798,127
1538002945473.png,1279,719,chionoecetes tanneri,451,639,586,719
1538003121413.png,1279,719,funiculina,600,292,670,578
1538003121413.png,1279,719,funiculina,108,240,185,590
1538003121413.png,1279,719,chionoecetes tanneri,662,171,795,282
1538003121413.png,1279,719,pleuronectiformes,852,1,1277,167
1538003352397.png,1279,719,sebastidae,1127,332,1201,427
1538003352397.png,1279,719,funiculina,1009,8,1208,468
1538003369031.png,1279,719,sebastidae,1124,305,1201,427
1538003369031.png,1279,719,funiculina,1049,19,1193,471
1538003388012.png,1279,719,chionoecetes tanneri,668,152,820,325
1538003388012.png,1279,719,funiculina,1149,500,1265,719
1538003388012.png,1279,719,umbellula lindahli,473,135,600,405
1538003401501.png,1279,719,chionoecetes tanneri,655,139,824,338
1538003401501.png,1279,719,umbellula lindahli,473,146,595,390
1538003401501.png,1279,719,funiculina,1152,503,1257,719
1538003418745.png,1279,719,funiculina,585,44,679,344
1538003418745.png,1279,719,actiniaria,795,113,901,195
1538003418745.png,1279,719,chionoecetes tanneri,633,543,814,719
1538003418745.png,1279,719,umbellula lindahli,433,555,560,719
1538003432999.png,1279,719,funiculina,606,50,679,350
1538003432999.png,1279,719,chionoecetes tanneri,635,546,825,719
1538003432999.png,1279,719,umbellula lindahli,433,563,562,719
1538003432999.png,1279,719,actiniaria,793,111,898,200
1538003456512.png,1279,719,funiculina,570,347,678,684
1538003456512.png,1279,719,actiniaria,795,401,901,506
1538003456512.png,1279,719,chionoecetes tanneri,1200,43,1279,161
1538003472362.png,1279,719,funiculina,566,62,612,524
1538003485286.png,1279,719,chionoecetes tanneri,633,9,793,198
1538003485286.png,1279,719,funiculina,543,347,607,719
1538003485286.png,1279,719,chionoecetes tanneri,132,106,263,252
1538003499516.png,1279,719,chionoecetes tanneri,641,103,805,230
1538003512915.png,1279,719,funiculina,1078,68,1192,471
1538003524110.png,1279,719,funiculina,420,101,505,449
1538003524110.png,1279,719,funiculina,1101,1,1152,84
1538003535496.png,1279,719,funiculina,385,432,490,719
1538003535496.png,1279,719,funiculina,1122,135,1227,401
1538003535496.png,1279,719,chionoecetes tanneri,814,1,971,100
1538003535496.png,1279,719,chionoecetes tanneri,1006,1,1143,60
1538003551715.png,1279,719,chionoecetes tanneri,790,66,1011,312
1538003551715.png,1279,719,chionoecetes tanneri,1005,100,1197,242
1538003551715.png,1279,719,funiculina,1182,373,1266,649
1538003576877.png,1279,719,chionoecetes tanneri,271,147,474,334
1538003576877.png,1279,719,chionoecetes tanneri,787,596,984,719
1538003576877.png,1279,719,chionoecetes tanneri,1027,587,1181,719
1538003576877.png,1279,719,umbellula lindahli,51,1,185,225
1538003590271.png,1279,719,chionoecetes tanneri,266,268,443,460
1538003590271.png,1279,719,umbellula lindahli,20,79,149,370
1538003590271.png,1279,719,chionoecetes tanneri,3,1,100,73
1538003609863.png,1279,719,sebastidae,81,33,154,95
1538003609863.png,1279,719,chionoecetes tanneri,6,590,157,719
1538003609863.png,1279,719,funiculina,1020,155,1130,397
1538003647465.png,1279,719,sebastidae,114,359,200,414
1538003647465.png,1279,719,funiculina,67,1,193,400
1538003647465.png,1279,719,funiculina,1130,514,1239,719
1538003666150.png,1279,719,funiculina,11,49,144,505
1538003666150.png,1279,719,sebastidae,78,476,160,530
1538003666150.png,1279,719,funiculina,1136,621,1185,719
1538003689870.png,1279,719,chionoecetes tanneri,593,117,743,296
1538003704196.png,1279,719,chionoecetes tanneri,706,451,873,659
1538003704196.png,1279,719,chionoecetes tanneri,452,1,574,98
1538003704196.png,1279,719,umbellula lindahli,289,130,398,363
1538003715791.png,1279,719,umbellula lindahli,285,217,424,457
1538003715791.png,1279,719,chionoecetes tanneri,463,61,585,190
1538003715791.png,1279,719,chionoecetes tanneri,714,565,878,719
1538003739810.png,1279,719,chionoecetes tanneri,422,357,555,521
1538003739810.png,1279,719,umbellula lindahli,216,557,381,719
1538003739810.png,1279,719,funiculina,314,163,382,295
1538003748672.png,1279,719,chionoecetes tanneri,84,120,195,239
1538003748672.png,1279,719,actiniaria,41,1,144,95
1538003748672.png,1279,719,chionoecetes tanneri,1089,598,1187,717
1538003765326.png,1279,719,actiniaria,25,80,124,180
1538003765326.png,1279,719,chionoecetes tanneri,1052,1,1181,57
1538087427091.png,1279,719,chionoecetes tanneri,1027,127,1152,260
1538087427091.png,1279,719,actiniaria,1,318,82,419
1538087453117.png,1279,719,chionoecetes tanneri,1012,128,1176,317
1538087453117.png,1279,719,chionoecetes tanneri,1,180,79,321
1538087508464.png,1279,719,funiculina,425,113,506,287
1538087508464.png,1279,719,chionoecetes tanneri,763,1,870,81
1538087508464.png,1279,719,umbellula lindahli,985,1,1085,174
1538087520643.png,1279,719,chionoecetes tanneri,708,163,843,282
1538087520643.png,1279,719,umbellula lindahli,914,133,1066,377
1538087520643.png,1279,719,umbellula lindahli,349,347,439,522
1538087533735.png,1279,719,umbellula lindahli,917,133,1065,384
1538087533735.png,1279,719,funiculina,365,357,427,522
1538087533735.png,1279,719,chionoecetes tanneri,709,163,857,294
1538087596170.png,1279,719,funiculina,778,97,874,438
1538087596170.png,1279,719,chionoecetes tanneri,965,57,1216,268
1538087611246.png,1279,719,funiculina,774,90,863,446
1538087611246.png,1279,719,chionoecetes tanneri,978,57,1209,260
1538087627191.png,1279,719,funiculina,830,167,887,392
1538087627191.png,1279,719,chionoecetes tanneri,1012,49,1133,182
1538087636465.png,1279,719,funiculina,819,174,892,393
1538087636465.png,1279,719,chionoecetes tanneri,1009,55,1132,195
1538087651310.png,1279,719,funiculina,692,14,754,405
1538087651310.png,1279,719,funiculina,835,201,893,359
1538087651310.png,1279,719,funiculina,947,565,987,719
1538087651310.png,1279,719,chionoecetes tanneri,1108,435,1211,552
1538087651310.png,1279,719,umbellula lindahli,1055,63,1103,249
1538087661221.png,1279,719,funiculina,698,19,739,395
1538087661221.png,1279,719,funiculina,832,186,903,368
1538087661221.png,1279,719,umbellula lindahli,1049,82,1127,259
1538087661221.png,1279,719,funiculina,949,576,996,719
1538087661221.png,1279,719,chionoecetes tanneri,1101,425,1212,567
1538087693849.png,1279,719,funiculina,776,531,870,719
1538087693849.png,1279,719,funiculina,1112,550,1208,696
1538087693849.png,1279,719,chionoecetes tanneri,246,320,349,480
1538087693849.png,1279,719,funiculina,47,149,112,392
1538087708134.png,1279,719,chionoecetes tanneri,230,90,427,298
1538087795131.png,1279,719,chionoecetes tanneri,305,484,524,706
1538087795131.png,1279,719,chionoecetes tanneri,112,74,344,333
1538087795131.png,1279,719,chionoecetes tanneri,207,1,309,103
1538087812098.png,1279,719,chionoecetes tanneri,152,234,362,495
1538087812098.png,1279,719,chionoecetes tanneri,219,123,346,258
1538087824046.png,1279,719,chionoecetes tanneri,1,116,135,265
1538087853330.png,1279,719,funiculina,384,116,466,581
1538087853330.png,1279,719,funiculina,1009,1,1049,143
1538087870639.png,1279,719,funiculina,458,654,481,719
1538087870639.png,1279,719,funiculina,1079,355,1122,582
1538087870639.png,1279,719,funiculina,887,94,1157,401
1538092725450.png,1279,719,sebastidae,649,84,811,287
1538092725450.png,1279,719,funiculina,1027,308,1144,719
1538092748806.png,1279,719,chionoecetes tanneri,917,150,1112,312
1538092748806.png,1279,719,funiculina,705,79,773,296
1538092757514.png,1279,719,chionoecetes tanneri,927,138,1111,319
1538092757514.png,1279,719,funiculina,695,79,774,298
1538092778103.png,1279,719,chionoecetes tanneri,963,514,1166,711
1538092778103.png,1279,719,funiculina,717,438,801,676
1538092778103.png,1279,719,funiculina,289,127,327,252
1538092795079.png,1279,719,funiculina,871,124,936,286
1538092807638.png,1279,719,umbellula lindahli,1024,219,1093,413
1538092807638.png,1279,719,funiculina,1019,600,1055,719
1538092807638.png,1279,719,funiculina,568,54,606,289
1538092807638.png,1279,719,chionoecetes tanneri,30,1,155,100
1538092815722.png,1279,719,funiculina,562,62,611,279
1538092815722.png,1279,719,umbellula lindahli,978,203,1119,400
1538092815722.png,1279,719,funiculina,1012,603,1068,719
1538092815722.png,1279,719,chionoecetes tanneri,29,1,158,105
1538092829350.png,1279,719,chionoecetes tanneri,44,63,152,177
1538092829350.png,1279,719,funiculina,573,154,630,377
1538092829350.png,1279,719,umbellula lindahli,1017,296,1103,515
1538093083809.png,1279,719,chionoecetes tanneri,285,133,443,327
1538093083809.png,1279,719,umbellula lindahli,165,42,270,333
1538093083809.png,1279,719,funiculina,1144,1,1206,106
1538093083809.png,1279,719,chionoecetes tanneri,705,1,815,44
1538093133495.png,1279,719,chionoecetes tanneri,289,138,460,332
1538093133495.png,1279,719,umbellula lindahli,163,44,281,336
1538093133495.png,1279,719,funiculina,1172,1,1201,113
1538093151286.png,1279,719,chionoecetes tanneri,671,115,882,338
1538093151286.png,1279,719,chionoecetes tanneri,306,427,498,636
1538093151286.png,1279,719,umbellula lindahli,201,352,312,642
1538093151286.png,1279,719,umbellula lindahli,1155,133,1273,400
155.png,1280,720,octopoda,1098,214,1182,279
156.png,1280,720,pleuronectiformes,1155,254,1226,376
157.png,1280,720,pleuronectiformes,634,111,815,240
158.png,1280,720,rathbunaster californicus,150,109,499,381
159.png,1280,720,sea cucumber,782,192,1033,406
159.png,1280,720,rathbunaster californicus,409,165,712,398
160.png,1280,720,sea cucumber,782,184,1034,403
160.png,1280,720,rathbunaster californicus,423,165,726,392
161.png,1280,720,pleuronectiformes,442,116,669,203
163.png,1280,720,rathbunaster californicus,726,186,966,355
164.png,1280,720,rathbunaster californicus,126,32,328,189
165.png,1280,720,rathbunaster californicus,931,170,1134,325
166.png,1280,720,rathbunaster californicus,742,8,1093,274
167.png,1280,720,gnathostomata,1194,28,1277,70
173.png,1280,720,rathbunaster californicus,861,176,1280,505
174.png,1280,720,rathbunaster californicus,366,95,753,389
175.png,1280,720,rathbunaster californicus,1,34,196,301
176.png,1280,720,rathbunaster californicus,663,113,1028,408
176.png,1280,720,rathbunaster californicus,1,648,131,717
177.png,1280,720,pleuronectiformes,218,184,453,319
177.png,1280,720,rathbunaster californicus,686,474,1012,720
178.png,1280,720,rathbunaster californicus,982,32,1221,257
179.png,1280,720,rathbunaster californicus,998,530,1273,720
183.png,1280,720,octopoda,247,473,379,619
183.png,1280,720,strongylocentrotus cf. fragilis,1,1,93,89
184.png,1280,720,strongylocentrotus cf. fragilis,1,36,134,168
184.png,1280,720,octopoda,306,611,432,720
185.png,1280,720,strongylocentrotus cf. fragilis,921,84,1021,176
185.png,1280,720,strongylocentrotus cf. fragilis,1,497,72,610
185.png,1280,720,strongylocentrotus cf. fragilis,729,1,789,17
185.png,1280,720,octopoda,583,1,659,40
186.png,1280,720,octopoda,526,125,610,198
186.png,1280,720,strongylocentrotus cf. fragilis,653,87,742,168
186.png,1280,720,strongylocentrotus cf. fragilis,877,235,959,322
187.png,1280,720,strongylocentrotus cf. fragilis,655,86,748,170
187.png,1280,720,strongylocentrotus cf. fragilis,872,228,966,325
187.png,1280,720,octopoda,520,127,617,200
188.png,1280,720,strongylocentrotus cf. fragilis,467,482,580,578
188.png,1280,720,strongylocentrotus cf. fragilis,685,649,797,720
188.png,1280,720,octopoda,283,574,398,679
188.png,1280,720,strongylocentrotus cf. fragilis,1,117,125,165
188.png,1280,720,strongylocentrotus cf. fragilis,2,73,150,132
188.png,1280,720,strongylocentrotus cf. fragilis,1,34,28,101
190.png,1280,720,rathbunaster californicus,1,1,328,316
192.png,1280,720,strongylocentrotus cf. fragilis,282,184,402,297
192.png,1280,720,strongylocentrotus cf. fragilis,1175,189,1280,303
192.png,1280,720,strongylocentrotus cf. fragilis,1240,41,1280,130
193.png,1280,720,strongylocentrotus cf. fragilis,267,611,377,708
193.png,1280,720,strongylocentrotus cf. fragilis,1066,589,1175,703
193.png,1280,720,strongylocentrotus cf. fragilis,1123,448,1225,544
193.png,1280,720,strongylocentrotus cf. fragilis,1153,357,1267,438
193.png,1280,720,strongylocentrotus cf. fragilis,1074,222,1177,314
193.png,1280,720,strongylocentrotus cf. fragilis,1215,287,1280,374
196.png,1280,720,rathbunaster californicus,1,1,188,94
196.png,1280,720,strongylocentrotus cf. fragilis,907,314,1007,390
196.png,1280,720,strongylocentrotus cf. fragilis,983,424,1080,514
196.png,1280,720,strongylocentrotus cf. fragilis,977,401,1079,463
196.png,1280,720,strongylocentrotus cf. fragilis,1040,362,1129,448
196.png,1280,720,strongylocentrotus cf. fragilis,885,662,985,720
196.png,1280,720,strongylocentrotus cf. fragilis,945,525,1036,611
196.png,1280,720,strongylocentrotus cf. fragilis,109,681,216,720
201.png,1280,720,strongylocentrotus cf. fragilis,866,527,961,614
201.png,1280,720,strongylocentrotus cf. fragilis,1001,590,1088,674
201.png,1280,720,strongylocentrotus cf. fragilis,1247,659,1280,719
201.png,1280,720,strongylocentrotus cf. fragilis,918,643,1030,720
201.png,1280,720,strongylocentrotus cf. fragilis,429,106,506,179
201.png,1280,720,rathbunaster californicus,1,94,166,290
202.png,1280,720,strongylocentrotus cf. fragilis,312,82,402,157
202.png,1280,720,strongylocentrotus cf. fragilis,790,532,890,624
202.png,1280,720,strongylocentrotus cf. fragilis,850,660,953,720
202.png,1280,720,strongylocentrotus cf. fragilis,1185,660,1270,720
202.png,1280,720,strongylocentrotus cf. fragilis,1250,399,1280,467
202.png,1280,720,strongylocentrotus cf. fragilis,1209,1,1280,65
202.png,1280,720,strongylocentrotus cf. fragilis,918,605,1017,700
203.png,1280,720,strongylocentrotus cf. fragilis,161,314,293,433
204.png,1280,720,strongylocentrotus cf. fragilis,798,471,950,622
204.png,1280,720,octopoda,1201,603,1280,709
205.png,1280,720,strongylocentrotus cf. fragilis,955,201,1053,287
206.png,1280,720,strongylocentrotus cf. fragilis,525,181,610,255
206.png,1280,720,strongylocentrotus cf. fragilis,715,109,817,208
206.png,1280,720,strongylocentrotus cf. fragilis,747,1,827,44
206.png,1280,720,strongylocentrotus cf. fragilis,963,128,1056,205
206.png,1280,720,strongylocentrotus cf. fragilis,1013,190,1109,268
206.png,1280,720,strongylocentrotus cf. fragilis,944,467,1056,567
206.png,1280,720,strongylocentrotus cf. fragilis,1,57,102,146
208.png,1280,720,strongylocentrotus cf. fragilis,4,252,109,338
208.png,1280,720,strongylocentrotus cf. fragilis,240,73,333,160
208.png,1280,720,strongylocentrotus cf. fragilis,193,1,284,51
208.png,1280,720,strongylocentrotus cf. fragilis,361,60,444,133
208.png,1280,720,strongylocentrotus cf. fragilis,386,11,459,76
208.png,1280,720,strongylocentrotus cf. fragilis,456,43,552,122
208.png,1280,720,strongylocentrotus cf. fragilis,542,370,625,441
208.png,1280,720,strongylocentrotus cf. fragilis,726,298,829,384
208.png,1280,720,strongylocentrotus cf. fragilis,763,157,850,224
208.png,1280,720,octopoda,1155,128,1233,179
208.png,1280,720,strongylocentrotus cf. fragilis,979,306,1079,390
208.png,1280,720,strongylocentrotus cf. fragilis,1037,384,1131,449
208.png,1280,720,strongylocentrotus cf. fragilis,972,663,1078,720
208.png,1280,720,strongylocentrotus cf. fragilis,569,41,644,109
208.png,1280,720,strongylocentrotus cf. fragilis,523,1,612,59
208.png,1280,720,strongylocentrotus cf. fragilis,448,1,548,57
212.png,1280,720,strongylocentrotus cf. fragilis,64,528,172,625
212.png,1280,720,strongylocentrotus cf. fragilis,318,340,401,413
212.png,1280,720,strongylocentrotus cf. fragilis,271,225,358,300
212.png,1280,720,strongylocentrotus cf. fragilis,253,181,339,249
212.png,1280,720,strongylocentrotus cf. fragilis,29,192,118,265
212.png,1280,720,strongylocentrotus cf. fragilis,609,643,706,720
212.png,1280,720,strongylocentrotus cf. fragilis,809,562,931,668
212.png,1280,720,strongylocentrotus cf. fragilis,863,405,940,482
212.png,1280,720,strongylocentrotus cf. fragilis,782,103,874,174
212.png,1280,720,strongylocentrotus cf. fragilis,940,71,1021,144
212.png,1280,720,strongylocentrotus cf. fragilis,1036,38,1118,108
212.png,1280,720,strongylocentrotus cf. fragilis,1082,124,1164,189
212.png,1280,720,strongylocentrotus cf. fragilis,166,63,263,143
212.png,1280,720,strongylocentrotus cf. fragilis,301,84,383,148
212.png,1280,720,strongylocentrotus cf. fragilis,363,124,452,186
212.png,1280,720,strongylocentrotus cf. fragilis,401,65,494,121
212.png,1280,720,strongylocentrotus cf. fragilis,498,60,574,141
212.png,1280,720,strongylocentrotus cf. fragilis,475,144,537,227
212.png,1280,720,strongylocentrotus cf. fragilis,375,174,475,243
212.png,1280,720,strongylocentrotus cf. fragilis,428,309,525,390
212.png,1280,720,strongylocentrotus cf. fragilis,466,265,537,333
212.png,1280,720,strongylocentrotus cf. fragilis,445,203,531,268
212.png,1280,720,strongylocentrotus cf. fragilis,518,194,604,254
212.png,1280,720,strongylocentrotus cf. fragilis,518,136,604,201
212.png,1280,720,strongylocentrotus cf. fragilis,564,130,655,209
212.png,1280,720,strongylocentrotus cf. fragilis,591,190,663,262
212.png,1280,720,strongylocentrotus cf. fragilis,521,244,617,308
212.png,1280,720,strongylocentrotus cf. fragilis,528,297,633,368
212.png,1280,720,strongylocentrotus cf. fragilis,640,289,734,363
212.png,1280,720,strongylocentrotus cf. fragilis,602,244,691,306
212.png,1280,720,strongylocentrotus cf. fragilis,1093,584,1186,660
212.png,1280,720,strongylocentrotus cf. fragilis,1148,649,1254,720
225.png,1280,720,octopoda,1101,343,1193,432
225.png,1280,720,strongylocentrotus cf. fragilis,672,400,764,476
225.png,1280,720,strongylocentrotus cf. fragilis,625,586,740,684
225.png,1280,720,strongylocentrotus cf. fragilis,913,606,1026,686
225.png,1280,720,strongylocentrotus cf. fragilis,990,673,1077,720
225.png,1280,720,strongylocentrotus cf. fragilis,1247,403,1280,470
225.png,1280,720,strongylocentrotus cf. fragilis,906,63,998,132
225.png,1280,720,strongylocentrotus cf. fragilis,766,8,853,82
225.png,1280,720,strongylocentrotus cf. fragilis,866,1,944,46
225.png,1280,720,strongylocentrotus cf. fragilis,50,332,152,417
225.png,1280,720,strongylocentrotus cf. fragilis,1,194,110,287
225.png,1280,720,strongylocentrotus cf. fragilis,1,131,79,211
225.png,1280,720,strongylocentrotus cf. fragilis,26,22,133,103
225.png,1280,720,strongylocentrotus cf. fragilis,123,70,209,138
225.png,1280,720,strongylocentrotus cf. fragilis,126,119,233,213
225.png,1280,720,strongylocentrotus cf. fragilis,202,168,304,248
225.png,1280,720,strongylocentrotus cf. fragilis,218,224,312,309
225.png,1280,720,strongylocentrotus cf. fragilis,183,295,291,384
225.png,1280,720,strongylocentrotus cf. fragilis,310,265,412,360
225.png,1280,720,strongylocentrotus cf. fragilis,436,270,518,348
225.png,1280,720,strongylocentrotus cf. fragilis,585,32,688,127
225.png,1280,720,strongylocentrotus cf. fragilis,394,198,483,274
225.png,1280,720,strongylocentrotus cf. fragilis,298,203,407,287
225.png,1280,720,strongylocentrotus cf. fragilis,285,152,393,216
225.png,1280,720,strongylocentrotus cf. fragilis,372,135,453,208
225.png,1280,720,strongylocentrotus cf. fragilis,352,73,431,152
225.png,1280,720,strongylocentrotus cf. fragilis,310,89,390,174
225.png,1280,720,strongylocentrotus cf. fragilis,247,101,318,187
225.png,1280,720,strongylocentrotus cf. fragilis,267,5,353,71
225.png,1280,720,strongylocentrotus cf. fragilis,160,1,259,67
230.png,1280,720,octopoda,1136,362,1234,433
230.png,1280,720,strongylocentrotus cf. fragilis,686,397,779,486
230.png,1280,720,strongylocentrotus cf. fragilis,625,590,767,705
230.png,1280,720,strongylocentrotus cf. fragilis,939,600,1058,709
230.png,1280,720,strongylocentrotus cf. fragilis,52,322,158,416
230.png,1280,720,strongylocentrotus cf. fragilis,191,297,296,387
230.png,1280,720,strongylocentrotus cf. fragilis,226,230,321,319
230.png,1280,720,strongylocentrotus cf. fragilis,1,189,126,284
230.png,1280,720,strongylocentrotus cf. fragilis,1,129,86,209
230.png,1280,720,strongylocentrotus cf. fragilis,39,6,150,98
230.png,1280,720,strongylocentrotus cf. fragilis,136,113,233,209
230.png,1280,720,strongylocentrotus cf. fragilis,128,57,218,133
230.png,1280,720,strongylocentrotus cf. fragilis,166,1,266,57
230.png,1280,720,strongylocentrotus cf. fragilis,269,1,364,67
230.png,1280,720,strongylocentrotus cf. fragilis,242,97,323,182
230.png,1280,720,strongylocentrotus cf. fragilis,223,163,302,238
230.png,1280,720,strongylocentrotus cf. fragilis,318,267,434,363
230.png,1280,720,strongylocentrotus cf. fragilis,444,267,545,341
230.png,1280,720,strongylocentrotus cf. fragilis,596,36,699,125
230.png,1280,720,strongylocentrotus cf. fragilis,779,1,878,78
230.png,1280,720,strongylocentrotus cf. fragilis,929,49,1028,127
230.png,1280,720,strongylocentrotus cf. fragilis,898,1,972,32
230.png,1280,720,strongylocentrotus cf. fragilis,312,198,420,289
230.png,1280,720,strongylocentrotus cf. fragilis,407,195,512,289
230.png,1280,720,strongylocentrotus cf. fragilis,375,133,466,214
230.png,1280,720,strongylocentrotus cf. fragilis,302,133,398,214
230.png,1280,720,strongylocentrotus cf. fragilis,309,82,399,152
230.png,1280,720,strongylocentrotus cf. fragilis,361,57,453,157
234.png,1280,720,strongylocentrotus cf. fragilis,785,352,934,501
234.png,1280,720,strongylocentrotus cf. fragilis,1072,286,1220,422
234.png,1280,720,strongylocentrotus cf. fragilis,1236,193,1280,308
234.png,1280,720,strongylocentrotus cf. fragilis,240,294,386,413
234.png,1280,720,strongylocentrotus cf. fragilis,379,433,529,574
234.png,1280,720,strongylocentrotus cf. fragilis,285,484,425,611
234.png,1280,720,strongylocentrotus cf. fragilis,174,498,298,668
234.png,1280,720,strongylocentrotus cf. fragilis,266,611,426,701
234.png,1280,720,strongylocentrotus cf. fragilis,401,549,542,705
234.png,1280,720,strongylocentrotus cf. fragilis,459,676,602,720
234.png,1280,720,strongylocentrotus cf. fragilis,1,568,147,708
234.png,1280,720,strongylocentrotus cf. fragilis,1,448,139,598
234.png,1280,720,strongylocentrotus cf. fragilis,59,287,223,432
234.png,1280,720,strongylocentrotus cf. fragilis,113,657,261,720
234.png,1280,720,strongylocentrotus cf. fragilis,334,694,411,720
235.png,1280,720,strongylocentrotus cf. fragilis,594,397,709,497
235.png,1280,720,strongylocentrotus cf. fragilis,818,373,944,479
235.png,1280,720,strongylocentrotus cf. fragilis,934,89,1055,178
235.png,1280,720,strongylocentrotus cf. fragilis,969,1,1096,106
235.png,1280,720,strongylocentrotus cf. fragilis,741,1,852,84
235.png,1280,720,strongylocentrotus cf. fragilis,509,28,612,106
235.png,1280,720,strongylocentrotus cf. fragilis,421,1,533,87
235.png,1280,720,strongylocentrotus cf. fragilis,334,30,444,109
235.png,1280,720,strongylocentrotus cf. fragilis,317,1,416,40
235.png,1280,720,strongylocentrotus cf. fragilis,5,1,125,95
237.png,1280,720,strongylocentrotus cf. fragilis,534,576,647,681
237.png,1280,720,strongylocentrotus cf. fragilis,766,552,896,667
237.png,1280,720,strongylocentrotus cf. fragilis,886,230,994,328
237.png,1280,720,strongylocentrotus cf. fragilis,929,133,1040,252
237.png,1280,720,strongylocentrotus cf. fragilis,690,149,796,228
237.png,1280,720,strongylocentrotus cf. fragilis,444,173,558,268
237.png,1280,720,strongylocentrotus cf. fragilis,355,141,471,236
237.png,1280,720,strongylocentrotus cf. fragilis,261,179,377,281
237.png,1280,720,strongylocentrotus cf. fragilis,242,109,358,190
237.png,1280,720,strongylocentrotus cf. fragilis,1,169,48,251
244.png,1280,720,strongylocentrotus cf. fragilis,202,532,310,622
244.png,1280,720,strongylocentrotus cf. fragilis,220,613,317,703
244.png,1280,720,strongylocentrotus cf. fragilis,298,560,420,657
244.png,1280,720,strongylocentrotus cf. fragilis,393,594,498,697
244.png,1280,720,strongylocentrotus cf. fragilis,636,562,742,657
244.png,1280,720,strongylocentrotus cf. fragilis,872,567,986,681
244.png,1280,720,strongylocentrotus cf. fragilis,833,670,938,720
244.png,1280,720,strongylocentrotus cf. fragilis,656,116,759,213
244.png,1280,720,strongylocentrotus cf. fragilis,520,154,617,246
244.png,1280,720,strongylocentrotus cf. fragilis,317,68,404,138
244.png,1280,720,strongylocentrotus cf. fragilis,36,173,153,263
248.png,1280,720,strongylocentrotus cf. fragilis,602,460,704,543
248.png,1280,720,strongylocentrotus cf. fragilis,448,489,545,589
248.png,1280,720,strongylocentrotus cf. fragilis,229,411,315,487
248.png,1280,720,strongylocentrotus cf. fragilis,196,60,288,146
248.png,1280,720,strongylocentrotus cf. fragilis,1,567,40,632
249.png,1280,720,strongylocentrotus cf. fragilis,606,76,701,155
249.png,1280,720,strongylocentrotus cf. fragilis,253,252,361,346
249.png,1280,720,strongylocentrotus cf. fragilis,283,663,376,720
251.png,1280,720,strongylocentrotus cf. fragilis,112,19,207,106
251.png,1280,720,strongylocentrotus cf. fragilis,444,155,525,225
251.png,1280,720,strongylocentrotus cf. fragilis,242,551,334,640
251.png,1280,720,octopoda,156,186,231,248
253.png,1280,720,octopoda,744,389,821,460
254.png,1280,720,octopoda,937,462,1023,540
255.png,1280,720,octopoda,963,519,1071,628
256.png,1280,720,asteroidea,683,450,777,511
256.png,1280,720,octopoda,696,22,766,60
256.png,1280,720,chionoecetes tanneri,741,1,790,20
256.png,1280,720,crinoidea,1217,16,1280,98
257.png,1280,720,octopoda,739,203,799,249
257.png,1280,720,asteroidea,723,665,811,720
257.png,1280,720,crinoidea,737,82,879,194
257.png,1280,720,crinoidea,874,100,991,205
257.png,1280,720,crinoidea,815,55,913,152
257.png,1280,720,crinoidea,1244,197,1280,287
257.png,1280,720,crinoidea,452,1,593,97
257.png,1280,720,metridium,626,95,679,151
257.png,1280,720,asteroidea,839,32,983,117
260.png,1280,720,crinoidea,734,100,910,235
260.png,1280,720,crinoidea,477,28,602,117
260.png,1280,720,metridium,637,136,688,181
260.png,1280,720,crinoidea,885,128,1009,232
260.png,1280,720,rathbunaster californicus,834,71,986,144
260.png,1280,720,octopoda,752,244,806,286
261.png,1280,720,asteroidea,739,248,888,348
261.png,1280,720,sea cucumber,950,113,1047,160
261.png,1280,720,metridium,490,454,540,508
261.png,1280,720,crinoidea,315,313,455,419
261.png,1280,720,crinoidea,594,497,739,582
261.png,1280,720,crinoidea,740,427,899,563
261.png,1280,720,crinoidea,601,421,767,538
261.png,1280,720,crinoidea,1139,590,1280,709
261.png,1280,720,sebastidae,1071,533,1140,621
261.png,1280,720,asteroidea,1226,486,1280,532
261.png,1280,720,rathbunaster californicus,948,166,997,209
261.png,1280,720,gnathostomata,412,431,448,503
261.png,1280,720,crinoidea,26,239,89,305
261.png,1280,720,octopoda,619,605,692,661
261.png,1280,720,crinoidea,952,517,1050,605
262.png,1280,720,asteroidea,712,382,879,484
262.png,1280,720,sea cucumber,929,230,1023,280
262.png,1280,720,chionoecetes tanneri,261,569,317,609
262.png,1280,720,crinoidea,255,487,391,601
262.png,1280,720,asteroidea,361,511,501,619
262.png,1280,720,asteroidea,98,490,234,569
262.png,1280,720,sebastidae,352,635,401,719
262.png,1280,720,actiniaria,436,644,502,705
262.png,1280,720,strongylocentrotus cf. fragilis,444,250,484,280
262.png,1280,720,pleuronectiformes,961,358,1027,422
262.png,1280,720,octopoda,937,291,1006,322
262.png,1280,720,crinoidea,542,595,656,699
262.png,1280,720,crinoidea,642,588,885,717
267.png,1280,720,sea cucumber,1006,482,1134,551
267.png,1280,720,strongylocentrotus cf. fragilis,475,528,515,570
267.png,1280,720,gnathostomata,181,106,242,139
267.png,1280,720,gnathostomata,263,211,324,241
267.png,1280,720,pleuronectiformes,1047,652,1150,720
269.png,1280,720,gnathostomata,1013,432,1064,527
269.png,1280,720,crinoidea,582,355,713,448
269.png,1280,720,crinoidea,725,327,852,430
269.png,1280,720,crinoidea,585,313,742,417
269.png,1280,720,crinoidea,1064,427,1277,536
269.png,1280,720,crinoidea,1191,519,1280,608
269.png,1280,720,crinoidea,318,224,450,313
269.png,1280,720,crinoidea,50,160,140,233
269.png,1280,720,asteroidea,712,201,850,292
269.png,1280,720,sea cucumber,898,81,991,124
269.png,1280,720,metridium,477,336,539,386
269.png,1280,720,octopoda,595,460,658,501
269.png,1280,720,gnathostomata,421,309,442,346
270.png,1280,720,asteroidea,775,559,955,692
270.png,1280,720,sea cucumber,1006,384,1115,432
270.png,1280,720,pleuronectiformes,1040,524,1133,619
270.png,1280,720,strongylocentrotus cf. fragilis,480,419,515,449
270.png,1280,720,octopoda,1055,481,1110,523
275.png,1280,720,crinoidea,433,155,537,244
275.png,1280,720,crinoidea,463,50,579,142
275.png,1280,720,crinoidea,577,22,663,98
275.png,1280,720,sea cucumber,1017,127,1088,238
275.png,1280,720,funiculina,461,346,491,417
278.png,1280,720,sea cucumber,577,287,658,394
278.png,1280,720,sea cucumber,502,51,598,105
278.png,1280,720,sea cucumber,521,16,602,65
278.png,1280,720,crinoidea,182,260,296,343
278.png,1280,720,crinoidea,210,165,331,243
278.png,1280,720,crinoidea,283,167,353,214
278.png,1280,720,crinoidea,186,49,272,121
279.png,1280,720,sea cucumber,315,163,398,216
279.png,1280,720,sea cucumber,325,428,388,535
279.png,1280,720,sea cucumber,347,125,394,178
279.png,1280,720,crinoidea,10,349,133,424
279.png,1280,720,crinoidea,42,267,153,338
279.png,1280,720,crinoidea,109,259,194,325
279.png,1280,720,crinoidea,40,127,126,178
280.png,1280,720,asteroidea,728,300,896,419
281.png,1280,720,sea cucumber,706,21,955,251
282.png,1280,720,octopoda,663,201,780,308
283.png,1280,720,metacarcinus,852,65,1193,243
284.png,1280,720,octopoda,1045,428,1126,490
284.png,1280,720,pleuronectiformes,121,1,199,79
285.png,1280,720,pleuronectiformes,88,192,193,297
285.png,1280,720,pleuronectiformes,469,84,604,181
286.png,1280,720,pleuronectiformes,85,328,169,428
286.png,1280,720,synodus,491,213,598,297
287.png,1280,720,sea cucumber,739,143,918,384
288.png,1280,720,rathbunaster californicus,834,86,1118,297
288.png,1280,720,gnathostomata,1074,178,1166,289
289.png,1280,720,rathbunaster californicus,834,208,1144,444
289.png,1280,720,gnathostomata,1110,317,1231,457
290.png,1280,720,rathbunaster californicus,828,201,1156,452
290.png,1280,720,pleuronectiformes,1106,314,1231,465
291.png,1280,720,octopoda,847,100,929,187
292.png,1280,720,rathbunaster californicus,1104,1,1276,195
293.png,1280,720,rathbunaster californicus,1,6,213,179
294.png,1280,720,sea cucumber,377,136,672,294
294.png,1280,720,rathbunaster californicus,535,1,766,168
299.png,1280,720,sea cucumber,447,201,688,395
300.png,1280,720,rathbunaster californicus,388,1,587,130
300.png,1280,720,rathbunaster californicus,1113,409,1280,605
301.png,1280,720,rathbunaster californicus,413,255,634,405
303.png,1280,720,rathbunaster californicus,1,26,188,206
306.png,1280,720,rathbunaster californicus,194,162,442,362
306.png,1280,720,rathbunaster californicus,917,94,1106,236
306.png,1280,720,rathbunaster californicus,1,186,61,344
307.png,1280,720,rathbunaster californicus,1048,192,1259,352
307.png,1280,720,rathbunaster californicus,302,295,563,484
307.png,1280,720,rathbunaster californicus,1,294,182,497
308.png,1280,720,rathbunaster californicus,788,559,993,706
308.png,1280,720,rathbunaster californicus,1152,100,1280,217
308.png,1280,720,rathbunaster californicus,209,52,442,263
308.png,1280,720,rathbunaster californicus,47,614,262,720
309.png,1280,720,rathbunaster californicus,1071,251,1233,381
309.png,1280,720,rathbunaster californicus,18,178,283,400
309.png,1280,720,rathbunaster californicus,167,1,291,40
310.png,1280,720,rathbunaster californicus,1,452,328,714
310.png,1280,720,rathbunaster californicus,158,92,380,241
311.png,1280,720,rathbunaster californicus,790,141,1140,395
312.png,1280,720,rathbunaster californicus,786,138,1123,417
313.png,1280,720,rathbunaster californicus,1075,184,1280,414
315.png,1280,720,rathbunaster californicus,898,3,1188,211
316.png,1280,720,rathbunaster californicus,1061,1,1274,224
317.png,1280,720,rathbunaster californicus,274,105,590,355
318.png,1280,720,rathbunaster californicus,817,5,1277,327
318.png,1280,720,rathbunaster californicus,120,89,423,333
320.png,1280,720,sea cucumber,513,101,710,260
320.png,1280,720,rathbunaster californicus,1034,403,1275,720
320.png,1280,720,rathbunaster californicus,367,494,636,720
325.png,1280,720,rathbunaster californicus,356,97,621,278
326.png,1280,720,rathbunaster californicus,971,29,1280,270
326.png,1280,720,rathbunaster californicus,656,633,932,720
327.png,1280,720,rathbunaster californicus,258,124,502,295
328.png,1280,720,rathbunaster californicus,352,130,537,284
328.png,1280,720,rathbunaster californicus,248,1,509,170
328.png,1280,720,rathbunaster californicus,1,382,142,594
329.png,1280,720,rathbunaster californicus,377,189,563,349
329.png,1280,720,rathbunaster californicus,275,55,528,240
329.png,1280,720,rathbunaster californicus,1,453,204,687
331.png,1280,720,rathbunaster californicus,244,236,471,428
332.png,1280,720,rathbunaster californicus,756,79,1026,305
332.png,1280,720,rathbunaster californicus,5,619,63,720
333.png,1280,720,rathbunaster californicus,612,416,783,563
333.png,1280,720,rathbunaster californicus,1,230,134,328
333.png,1280,720,rathbunaster californicus,26,14,167,73
334.png,1280,720,rathbunaster californicus,523,113,798,321
335.png,1280,720,rathbunaster californicus,617,125,810,274
336.png,1280,720,rathbunaster californicus,812,6,1252,332
338.png,1280,720,rathbunaster californicus,364,24,631,257
339.png,1280,720,rathbunaster californicus,363,387,650,676
339.png,1280,720,sea cucumber,320,127,480,286
340.png,1280,720,octopoda,1104,48,1234,140
341.png,1280,720,rathbunaster californicus,367,65,517,184
341.png,1280,720,rathbunaster californicus,56,27,236,151
341.png,1280,720,octopoda,1029,546,1112,619
343.png,1280,720,rathbunaster californicus,101,217,263,346
343.png,1280,720,rathbunaster californicus,142,14,291,127
344.png,1280,720,rathbunaster californicus,423,382,612,535
344.png,1280,720,rathbunaster californicus,717,128,882,273
344.png,1280,720,rathbunaster californicus,874,59,1034,187
344.png,1280,720,rathbunaster californicus,1245,154,1280,259
347.png,1280,720,rathbunaster californicus,104,46,423,268
348.png,1280,720,strongylocentrotus cf. fragilis,506,178,586,259
348.png,1280,720,rathbunaster californicus,1,191,118,363
349.png,1280,720,strongylocentrotus cf. fragilis,496,176,583,260
349.png,1280,720,rathbunaster californicus,1,191,115,355
350.png,1280,720,octopoda,293,89,412,189
350.png,1280,720,strongylocentrotus cf. fragilis,545,521,669,640
350.png,1280,720,rathbunaster californicus,1,522,56,701
351.png,1280,720,rathbunaster californicus,190,224,348,368
351.png,1280,720,rathbunaster californicus,1,476,145,676
351.png,1280,720,rathbunaster californicus,31,690,110,720
352.png,1280,720,rathbunaster californicus,580,214,717,357
352.png,1280,720,sebastidae,733,165,829,213
356.png,1280,720,rathbunaster californicus,72,254,255,406
357.png,1280,720,rathbunaster californicus,161,113,383,282
357.png,1280,720,rathbunaster californicus,1,601,200,720
358.png,1280,720,rathbunaster californicus,239,341,458,495
358.png,1280,720,octopoda,452,159,518,213
361.png,1280,720,rathbunaster californicus,875,201,1044,321
361.png,1280,720,rathbunaster californicus,756,149,888,241
361.png,1280,720,rathbunaster californicus,12,495,164,605
361.png,1280,720,rathbunaster californicus,1,138,117,203
363.png,1280,720,sea cucumber,548,400,639,568
363.png,1280,720,rathbunaster californicus,210,6,342,103
364.png,1280,720,rathbunaster californicus,974,46,1212,225
366.png,1280,720,rathbunaster californicus,364,125,502,249
366.png,1280,720,rathbunaster californicus,1,3,115,86
369.png,1280,720,rathbunaster californicus,704,1,981,189
370.png,1280,720,rathbunaster californicus,939,301,1196,525
370.png,1280,720,rathbunaster californicus,596,9,809,201
371.png,1280,720,rathbunaster californicus,591,379,779,532
372.png,1280,720,rathbunaster californicus,156,321,342,528
372.png,1280,720,rathbunaster californicus,447,628,642,720
372.png,1280,720,rathbunaster californicus,306,13,521,187
373.png,1280,720,rathbunaster californicus,593,38,791,186
373.png,1280,720,rathbunaster californicus,125,35,320,186
373.png,1280,720,rathbunaster californicus,1,401,117,548
373.png,1280,720,pleuronectiformes,28,213,248,300
375.png,1280,720,rathbunaster californicus,950,27,1182,208
377.png,1280,720,rathbunaster californicus,1061,255,1258,414
377.png,1280,720,rathbunaster californicus,63,579,213,716
377.png,1280,720,rathbunaster californicus,21,259,194,398
379.png,1280,720,octopoda,402,359,502,440
380.png,1280,720,octopoda,888,140,1004,255
381.png,1280,720,octopoda,998,146,1145,259
382.png,1280,720,octopoda,25,235,150,332
382.png,1280,720,gnathostomata,26,443,167,644
385.png,1280,720,rathbunaster californicus,861,403,1050,565
386.png,1280,720,sea cucumber,302,113,515,324
387.png,1280,720,rathbunaster californicus,517,238,709,400
387.png,1280,720,rathbunaster californicus,1,194,191,344
387.png,1280,720,rathbunaster californicus,226,24,444,181
390.png,1280,720,rathbunaster californicus,394,43,542,140
391.png,1280,720,strongylocentrotus cf. fragilis,117,230,250,348
392.png,1280,720,rathbunaster californicus,821,116,1085,317
393.png,1280,720,pleuronectiformes,867,127,1036,240
394.png,1280,720,rathbunaster californicus,374,1,666,224
394.png,1280,720,rathbunaster californicus,364,1,499,46
396.png,1280,720,rathbunaster californicus,1029,477,1273,720
396.png,1280,720,rathbunaster californicus,1066,1,1277,107
397.png,1280,720,rathbunaster californicus,1056,191,1280,411
397.png,1280,720,rathbunaster californicus,963,635,1205,720
398.png,1280,720,rathbunaster californicus,1150,150,1280,384
400.png,1280,720,rathbunaster californicus,159,67,437,286
401.png,1280,720,rathbunaster californicus,1026,239,1280,468
402.png,1280,720,rathbunaster californicus,634,49,940,279
403.png,1280,720,rathbunaster californicus,456,348,782,628
403.png,1280,720,octopoda,1113,192,1233,284
404.png,1280,720,rathbunaster californicus,896,108,1158,303
406.png,1280,720,sea cucumber,413,44,606,238
407.png,1280,720,sea cucumber,248,251,442,460
407.png,1280,720,strongylocentrotus cf. fragilis,288,48,393,124
407.png,1280,720,strongylocentrotus cf. fragilis,382,8,480,90
407.png,1280,720,strongylocentrotus cf. fragilis,231,1,350,57
410.png,1280,720,sea cucumber,1067,228,1280,332
410.png,1280,720,strongylocentrotus cf. fragilis,1194,257,1280,366
410.png,1280,720,strongylocentrotus cf. fragilis,1,608,96,720
410.png,1280,720,strongylocentrotus cf. fragilis,164,57,286,167
410.png,1280,720,strongylocentrotus cf. fragilis,209,1,327,76
411.png,1280,720,strongylocentrotus cf. fragilis,155,57,280,163
411.png,1280,720,strongylocentrotus cf. fragilis,212,1,327,71
411.png,1280,720,strongylocentrotus cf. fragilis,1194,271,1280,359
411.png,1280,720,strongylocentrotus cf. fragilis,1,595,91,716
411.png,1280,720,sea cucumber,1067,232,1280,341
416.png,1280,720,strongylocentrotus cf. fragilis,1,508,139,632
416.png,1280,720,strongylocentrotus cf. fragilis,61,409,193,516
416.png,1280,720,strongylocentrotus cf. fragilis,169,341,279,444
416.png,1280,720,strongylocentrotus cf. fragilis,140,36,272,133
416.png,1280,720,strongylocentrotus cf. fragilis,140,1,237,44
416.png,1280,720,strongylocentrotus cf. fragilis,220,1,331,81
416.png,1280,720,strongylocentrotus cf. fragilis,964,268,1093,378
416.png,1280,720,strongylocentrotus cf. fragilis,983,1,1066,30
416.png,1280,720,strongylocentrotus cf. fragilis,1161,1,1276,109
416.png,1280,720,strongylocentrotus cf. fragilis,1242,224,1280,311
416.png,1280,720,strongylocentrotus cf. fragilis,1229,310,1280,408
418.png,1280,720,strongylocentrotus cf. fragilis,10,649,125,720
418.png,1280,720,strongylocentrotus cf. fragilis,75,552,198,659
418.png,1280,720,strongylocentrotus cf. fragilis,186,465,293,570
418.png,1280,720,strongylocentrotus cf. fragilis,156,141,285,251
418.png,1280,720,strongylocentrotus cf. fragilis,156,87,261,160
418.png,1280,720,strongylocentrotus cf. fragilis,239,86,361,192
418.png,1280,720,strongylocentrotus cf. fragilis,1007,44,1118,143
418.png,1280,720,strongylocentrotus cf. fragilis,1002,386,1128,508
418.png,1280,720,strongylocentrotus cf. fragilis,1209,121,1280,214
423.png,1280,720,strongylocentrotus cf. fragilis,928,565,1050,673
423.png,1280,720,strongylocentrotus cf. fragilis,1107,581,1236,701
423.png,1280,720,strongylocentrotus cf. fragilis,1142,141,1255,227
423.png,1280,720,strongylocentrotus cf. fragilis,652,24,766,101
423.png,1280,720,strongylocentrotus cf. fragilis,810,1,923,71
423.png,1280,720,strongylocentrotus cf. fragilis,737,1,825,33
423.png,1280,720,strongylocentrotus cf. fragilis,117,24,239,103
427.png,1280,720,strongylocentrotus cf. fragilis,682,146,783,224
427.png,1280,720,strongylocentrotus cf. fragilis,648,51,736,133
427.png,1280,720,strongylocentrotus cf. fragilis,739,68,842,152
427.png,1280,720,strongylocentrotus cf. fragilis,828,119,929,203
427.png,1280,720,strongylocentrotus cf. fragilis,1169,276,1280,358
427.png,1280,720,strongylocentrotus cf. fragilis,118,149,234,236
429.png,1280,720,strongylocentrotus cf. fragilis,121,76,226,157
429.png,1280,720,strongylocentrotus cf. fragilis,637,1,727,70
429.png,1280,720,strongylocentrotus cf. fragilis,667,79,767,152
429.png,1280,720,strongylocentrotus cf. fragilis,736,5,829,73
429.png,1280,720,strongylocentrotus cf. fragilis,820,51,921,124
429.png,1280,720,strongylocentrotus cf. fragilis,1153,205,1256,286
429.png,1280,720,strongylocentrotus cf. fragilis,934,628,1064,720
429.png,1280,720,strongylocentrotus cf. fragilis,1125,654,1247,720
430.png,1280,720,rathbunaster californicus,691,82,963,274
430.png,1280,720,strongylocentrotus cf. fragilis,355,224,469,321
430.png,1280,720,strongylocentrotus cf. fragilis,218,616,340,717
430.png,1280,720,strongylocentrotus cf. fragilis,1,604,63,709
430.png,1280,720,strongylocentrotus cf. fragilis,777,478,898,587
430.png,1280,720,strongylocentrotus cf. fragilis,712,298,825,394
430.png,1280,720,strongylocentrotus cf. fragilis,583,67,680,154
430.png,1280,720,strongylocentrotus cf. fragilis,559,1,648,36
430.png,1280,720,strongylocentrotus cf. fragilis,917,1,1039,60
430.png,1280,720,strongylocentrotus cf. fragilis,1152,84,1240,178
430.png,1280,720,strongylocentrotus cf. fragilis,1177,323,1280,413
430.png,1280,720,strongylocentrotus cf. fragilis,833,606,940,700
430.png,1280,720,strongylocentrotus cf. fragilis,902,500,1006,600
430.png,1280,720,strongylocentrotus cf. fragilis,991,549,1112,667
435.png,1280,720,rathbunaster californicus,675,43,948,244
435.png,1280,720,strongylocentrotus cf. fragilis,699,240,813,352
435.png,1280,720,strongylocentrotus cf. fragilis,761,438,874,536
435.png,1280,720,strongylocentrotus cf. fragilis,866,457,985,554
435.png,1280,720,strongylocentrotus cf. fragilis,964,517,1098,622
435.png,1280,720,strongylocentrotus cf. fragilis,1158,276,1266,379
435.png,1280,720,strongylocentrotus cf. fragilis,1133,54,1225,133
435.png,1280,720,strongylocentrotus cf. fragilis,1239,17,1280,87
435.png,1280,720,strongylocentrotus cf. fragilis,202,568,328,671
435.png,1280,720,strongylocentrotus cf. fragilis,1,548,53,662
435.png,1280,720,strongylocentrotus cf. fragilis,348,173,464,292
435.png,1280,720,strongylocentrotus cf. fragilis,577,32,671,122
439.png,1280,720,strongylocentrotus cf. fragilis,720,300,828,390
439.png,1280,720,rathbunaster californicus,845,309,1155,552
439.png,1280,720,strongylocentrotus cf. fragilis,1086,203,1207,292
439.png,1280,720,strongylocentrotus cf. fragilis,991,135,1107,224
439.png,1280,720,strongylocentrotus cf. fragilis,1023,24,1150,117
439.png,1280,720,strongylocentrotus cf. fragilis,1006,1,1127,33
439.png,1280,720,strongylocentrotus cf. fragilis,482,486,613,589
439.png,1280,720,strongylocentrotus cf. fragilis,877,570,1007,682
439.png,1280,720,strongylocentrotus cf. fragilis,690,174,799,257
439.png,1280,720,strongylocentrotus cf. fragilis,640,40,747,127
439.png,1280,720,strongylocentrotus cf. fragilis,91,71,202,157
445.png,1280,720,strongylocentrotus cf. fragilis,975,578,1101,687
445.png,1280,720,strongylocentrotus cf. fragilis,937,444,1052,546
445.png,1280,720,strongylocentrotus cf. fragilis,877,298,971,384
445.png,1280,720,strongylocentrotus cf. fragilis,1036,125,1140,198
445.png,1280,720,strongylocentrotus cf. fragilis,1126,159,1221,243
445.png,1280,720,strongylocentrotus cf. fragilis,1258,208,1280,260
445.png,1280,720,strongylocentrotus cf. fragilis,1237,398,1280,489
445.png,1280,720,strongylocentrotus cf. fragilis,577,84,669,157
445.png,1280,720,strongylocentrotus cf. fragilis,698,74,793,146
445.png,1280,720,strongylocentrotus cf. fragilis,331,335,437,433
445.png,1280,720,strongylocentrotus cf. fragilis,1,425,118,524
445.png,1280,720,strongylocentrotus cf. fragilis,47,171,140,244
445.png,1280,720,strongylocentrotus cf. fragilis,42,94,147,173
445.png,1280,720,rathbunaster californicus,1118,587,1280,715
453.png,1280,720,strongylocentrotus cf. fragilis,831,362,939,451
453.png,1280,720,strongylocentrotus cf. fragilis,966,344,1085,443
453.png,1280,720,strongylocentrotus cf. fragilis,1209,646,1280,714
453.png,1280,720,strongylocentrotus cf. fragilis,1145,43,1244,109
453.png,1280,720,strongylocentrotus cf. fragilis,1101,1,1188,36
453.png,1280,720,strongylocentrotus cf. fragilis,1233,1,1277,84
453.png,1280,720,strongylocentrotus cf. fragilis,264,486,380,586
453.png,1280,720,strongylocentrotus cf. fragilis,256,395,371,498
453.png,1280,720,strongylocentrotus cf. fragilis,599,678,703,720
453.png,1280,720,strongylocentrotus cf. fragilis,33,278,155,390
453.png,1280,720,strongylocentrotus cf. fragilis,1,216,39,306
453.png,1280,720,strongylocentrotus cf. fragilis,115,33,225,116
453.png,1280,720,strongylocentrotus cf. fragilis,229,90,350,179
453.png,1280,720,strongylocentrotus cf. fragilis,534,127,639,214
453.png,1280,720,strongylocentrotus cf. fragilis,607,1,695,68
458.png,1280,720,strongylocentrotus cf. fragilis,266,174,372,254
458.png,1280,720,strongylocentrotus cf. fragilis,913,408,1036,509
458.png,1280,720,strongylocentrotus cf. fragilis,1044,63,1147,149
458.png,1280,720,strongylocentrotus cf. fragilis,1088,44,1175,109
458.png,1280,720,strongylocentrotus cf. fragilis,1134,1,1216,54
458.png,1280,720,strongylocentrotus cf. fragilis,1188,13,1275,86
458.png,1280,720,strongylocentrotus cf. fragilis,836,594,977,720
458.png,1280,720,strongylocentrotus cf. fragilis,504,565,621,665
458.png,1280,720,strongylocentrotus cf. fragilis,382,494,488,589
462.png,1280,720,strongylocentrotus cf. fragilis,361,395,471,486
462.png,1280,720,strongylocentrotus cf. fragilis,583,119,682,205
462.png,1280,720,strongylocentrotus cf. fragilis,1183,265,1280,359
462.png,1280,720,strongylocentrotus cf. fragilis,1218,249,1280,313
462.png,1280,720,strongylocentrotus cf. fragilis,1256,201,1280,247
462.png,1280,720,strongylocentrotus cf. fragilis,1058,657,1171,720
462.png,1280,720,strongylocentrotus cf. fragilis,921,1,999,25
463.png,1280,720,strongylocentrotus cf. fragilis,588,551,699,648
463.png,1280,720,strongylocentrotus cf. fragilis,947,332,1056,427
463.png,1280,720,strongylocentrotus cf. fragilis,1083,249,1182,328
463.png,1280,720,strongylocentrotus cf. fragilis,1071,176,1164,246
463.png,1280,720,strongylocentrotus cf. fragilis,796,152,890,230
463.png,1280,720,strongylocentrotus cf. fragilis,952,1,1034,33
463.png,1280,720,strongylocentrotus cf. fragilis,682,1,766,33
463.png,1280,720,strongylocentrotus cf. fragilis,191,106,283,176
463.png,1280,720,strongylocentrotus cf. fragilis,325,35,437,124
463.png,1280,720,strongylocentrotus cf. fragilis,194,28,291,98
463.png,1280,720,strongylocentrotus cf. fragilis,83,24,193,108
477.png,1280,720,strongylocentrotus cf. fragilis,701,206,793,276
477.png,1280,720,strongylocentrotus cf. fragilis,669,133,763,206
477.png,1280,720,strongylocentrotus cf. fragilis,688,70,772,148
477.png,1280,720,strongylocentrotus cf. fragilis,756,101,839,162
477.png,1280,720,strongylocentrotus cf. fragilis,791,157,880,240
477.png,1280,720,strongylocentrotus cf. fragilis,990,213,1080,301
477.png,1280,720,strongylocentrotus cf. fragilis,1113,459,1221,551
477.png,1280,720,strongylocentrotus cf. fragilis,1140,544,1250,633
477.png,1280,720,strongylocentrotus cf. fragilis,983,635,1124,720
477.png,1280,720,strongylocentrotus cf. fragilis,809,425,923,521
477.png,1280,720,strongylocentrotus cf. fragilis,167,368,247,451
477.png,1280,720,strongylocentrotus cf. fragilis,53,278,161,376
477.png,1280,720,strongylocentrotus cf. fragilis,171,286,269,382
477.png,1280,720,strongylocentrotus cf. fragilis,306,305,410,405
477.png,1280,720,strongylocentrotus cf. fragilis,291,63,379,138
478.png,1280,720,strongylocentrotus cf. fragilis,794,516,906,609
478.png,1280,720,strongylocentrotus cf. fragilis,980,271,1085,355
478.png,1280,720,strongylocentrotus cf. fragilis,1037,3,1139,74
478.png,1280,720,strongylocentrotus cf. fragilis,1110,541,1229,643
478.png,1280,720,strongylocentrotus cf. fragilis,1139,632,1257,720
478.png,1280,720,strongylocentrotus cf. fragilis,107,448,206,546
478.png,1280,720,strongylocentrotus cf. fragilis,261,376,380,487
478.png,1280,720,strongylocentrotus cf. fragilis,106,343,228,457
478.png,1280,720,strongylocentrotus cf. fragilis,1,349,102,462
478.png,1280,720,strongylocentrotus cf. fragilis,231,117,340,205
478.png,1280,720,strongylocentrotus cf. fragilis,664,254,779,346
478.png,1280,720,strongylocentrotus cf. fragilis,750,213,861,300
478.png,1280,720,strongylocentrotus cf. fragilis,739,160,833,236
478.png,1280,720,strongylocentrotus cf. fragilis,637,189,747,270
478.png,1280,720,strongylocentrotus cf. fragilis,653,111,764,203
485.png,1280,720,strongylocentrotus cf. fragilis,713,444,829,560
485.png,1280,720,strongylocentrotus cf. fragilis,698,551,825,667
485.png,1280,720,strongylocentrotus cf. fragilis,807,514,921,613
485.png,1280,720,strongylocentrotus cf. fragilis,758,651,863,720
485.png,1280,720,strongylocentrotus cf. fragilis,837,601,967,705
485.png,1280,720,strongylocentrotus cf. fragilis,1161,307,1280,384
485.png,1280,720,strongylocentrotus cf. fragilis,740,55,855,144
485.png,1280,720,strongylocentrotus cf. fragilis,204,479,329,576
485.png,1280,720,strongylocentrotus cf. fragilis,1099,670,1238,720
488.png,1280,720,rathbunaster californicus,69,163,413,436
488.png,1280,720,rathbunaster californicus,491,6,859,300
490.png,1280,720,strongylocentrotus cf. fragilis,901,76,1015,170
490.png,1280,720,rathbunaster californicus,69,670,266,720
67.png,1280,720,rathbunaster californicus,320,127,377,169
67.png,1280,720,actiniaria,106,628,155,669
67.png,1280,720,actiniaria,832,641,877,680
68.png,1280,720,chionoecetes tanneri,375,171,529,352
69.png,1280,720,actiniaria,875,112,952,192
69.png,1280,720,actiniaria,802,112,885,190
72.png,1280,720,rathbunaster californicus,450,376,507,430
72.png,1280,720,actiniaria,929,71,996,119
73.png,1280,720,actiniaria,933,115,1021,185
73.png,1280,720,actiniaria,929,79,1025,139
73.png,1280,720,actiniaria,1129,534,1207,598
75.png,1280,720,actiniaria,1072,82,1239,211
76.png,1280,720,chionoecetes tanneri,255,36,574,279
77.png,1280,720,pleuronectiformes,647,227,1166,449
79.png,1280,720,actiniaria,237,265,334,355
81.png,1280,720,actiniaria,994,228,1126,341
82.png,1280,720,actiniaria,1185,298,1280,379
83.png,1280,720,actiniaria,563,228,658,306
84.png,1280,720,actiniaria,1,140,106,212
85.png,1280,720,sebastidae,486,100,607,186
86.png,1280,720,sebastidae,1,106,223,373
89.png,1280,720,actiniaria,552,82,625,150
89.png,1280,720,actiniaria,606,74,675,125
91.png,1280,720,actiniaria,252,142,423,254
91.png,1280,720,umbellula lindahli,1099,513,1239,608
92.png,1280,720,gnathostomata,591,295,759,348
93.png,1280,720,gnathostomata,44,132,86,273
94.png,1280,720,gnathostomata,618,143,715,363
95.png,1280,720,actiniaria,718,473,807,531
96.png,1280,720,actiniaria,547,384,626,438
96.png,1280,720,sea cucumber,765,634,829,694
97.png,1280,720,umbellula lindahli,909,128,1201,327
98.png,1280,720,sebastidae,983,186,1088,314
98.png,1280,720,sebastidae,421,1,520,92
98.png,1280,720,sebastidae,536,233,629,294
98.png,1280,720,chionoecetes tanneri,1010,1,1182,90
99.png,1280,720,chionoecetes tanneri,1031,222,1247,366
99.png,1280,720,sebastidae,1048,473,1158,593
99.png,1280,720,sebastidae,602,514,706,573
99.png,1280,720,actiniaria,245,103,296,146
99.png,1280,720,pleuronectiformes,500,273,593,364
